id,review.status,review.reviewer,review.log,label.fullName.de,label.fullName.en,label.short.de,label.short.en,definition.de,definition.en,hasParent,isSuccessorOf,employsAcceleratorTypes,isInstanceOf,primaryBeamParticles,secondaryBeamParticles,lifeCycle.currentStatus,lifeCycle.operation.startYear,lifeCycle.operation.endYear,hasHost,is_BMBF_FIS,primaryApplications,secondaryApplications,links.homepage.de,links.homepage.en,researchAgenda.path,researchAgenda.layoutGroup,researchAgenda.topics,researchAgenda.objectives,cost.realization__euro,parameters.length__m,parameters.E_0__eV,parameters.E_1__eV,parameters.srPowerLoss__w,cost.operationalPerYear,parameters.luminosity,parameters.repetitionRate,parameters.pulseDuration,parameters.magneticField,parameters.cmEnergy,parameters.electricGradient,parameters.events,isUserFacility,parameters.emittance__mrad,links.references,parameters.powerConsumption__W,hasWorkingGroups,lifeCycle.design.startYear,lifeCycle.realization.startYear
:athena,02: in prereview,,,Helmholtz-ARD Testanlagen für Plasmabeschleunigung,Helmholtz-ARD distributed test facility for plasma acceleration,ATHENA,ATHENA,"Mit ATHENA bündelt die Helmholtz-Gemeinschaft die Beschleuniger-Expertise von sechs ihrer 18 Forschungseinrichtungen. Diese tragen ihre wissenschaftlichen Erkenntnisse zusammen, um kompakte und innovative Plasmabeschleuniger in zwei deutschen Leuchtturmprojekten aufzubauen. Am DESY in Hamburg soll dafür ein Elektronen- und am Helmholtz-Zentrum Dresden-Rossendorf ein Hadronenbeschleuniger entwickelt werden. Mit JuSPARC trägt Jülich dabei Erkenntnisse für das Feld der Elektronenbeschleunigung bei.","With ATHENA, the Helmholtz Association is bundling the accelerator expertise of seven of its 18 research institutions. They are pooling their scientific knowledge to build compact and innovative plasma accelerators in two German lighthouse projects. An electron accelerator is to be developed at DESY in Hamburg and a hadron accelerator at the Helmholtz Centre Dresden-Rossendorf. With JuSPARC, Jülich is contributing findings to the field of electron acceleration.",,,,,,,,2018,,,false,/accelerator-application/science-application/accelerator-research,,,,,test-facilities,"materials.sensor-materials,ultracompact.laser-plasma-injector,ultracompact.laser-plasma-accelerator,beam-modeling.ultra-short-pulses",,,,,,,,,,,,,,,false,,,,,,
:berlinpro,01: in preparation,,,Berliner Energierückgewinnung LINac PROjekt,Berlin Energy Recovery LINac PROject,bERLinPro,bERLinPro,Testanlage zur Elektronenbeschleunigung mit hohen Strömen im Dauerstrichbetrieb und mit Energierückgewinnung auf der Basis von supraleitenden Hohlräumen,Testanlage zur Elektronenbeschleunigung mit hohen Strömen im Dauerstrichbetrieb und mit Energierückgewinnung auf der Basis von supraleitenden Hohlräumen,:athena,,/accelerator/microtron,,electrons,,/facility-life-cycle/4.2.2_decommissioned,2021,,:hzb,false,/accelerator-application/science-application/accelerator-research,,,,accelerator-science.accelerators.berlinpro,test-facilities,"materials.high-frequency-resonators,measurement-and-control.high-resolution-diagnostics,energy-supply.erl",facility.energy-efficiency,,,,,,,,,,,,,,false,,,,,,
:kit-atp/flute,02: in prereview,,,Ferninfrarot Linac- und Test-Experiment,Ferninfrarot Linac- und Test-Experiment,FLUTE,FLUTE,"Elektronenbeschleuniger zur Erzeugung ultrakurzer Elektronenpakete, der aus einem femtosekundenlaser-getriebenen Photoinjektor, einem Linearbeschleuniger und einem Elektronenpakete-Kompressor besteht.","Elektronenbeschleuniger zur Erzeugung ultrakurzer Elektronenpakete, der aus einem femtosekundenlaser-getriebenen Photoinjektor, einem Linearbeschleuniger und einem Elektronenpakete-Kompressor besteht.",:kit-atp,,/accelerator/linear-accelerator/,/facility/,electrons,,/facility-life-cycle/3.1_operation,2021,,:kit,false,/accelerator-application/science-application/accelerator-research,,,,accelerator-science.accelerators.flute,test-facilities,"materials.high-temperature-superconductivity,beam-modeling.ultra-short-pulses,beam-modeling.s2e-fel-simulation,beam-modeling.machine-learning,measurement-and-control.high-resolution-diagnostics,measurement-and-control.machine-learning,measurement-and-control.high-precision-control",,,,,,,,,,,,,,,false,,,,,,
:juSPARC,01: in preparation,,,Jülicher Zentrum für kurzgepulste Teilchen und Strahlung,Jülich Short-Pulsed Particle and Radiation Center,JuSPARC,JuSPARC,Laserbasierte Testanlage für Beschleunigerforschung mit kurzgepulsten Photonen- und Teilchenstrahlen,Laser-based test facility for accelerator research with short-pulsed photon and particle beams,,,,/facility/laser-facility,,,/facility-life-cycle/3.1_operation,2019,,:fz-juelich,false,,,,,,,,,,,,,,,,,,,,,,false,,buscher_etal__2020__jusparc_julich_shortpulsed,,,,
:juSPARC/vega,01: in preparation,,,JuSPARC MIRA,JuSPARC MIRA,,,,,:juSPARC,,,/facility/laser-facility,photons,,/facility-life-cycle/3.1_operation,2019,,:fz-juelich,false,,,,,,,,,,,,,,,,,,,,,,false,,buscher_etal__2020__jusparc_julich_shortpulsed,,,,
:juSPARC/sirius,01: in preparation,,,JuSPARC SIRIUS,JuSPARC SIRIUS,,,,,:juSPARC,,,/facility/laser-facility,photons,,/facility-life-cycle/3.1_operation,,,:fz-juelich,false,,,,,,,,,,,,,,,,,,,,,,false,,buscher_etal__2020__jusparc_julich_shortpulsed,,,,
:athena/sinbad,01: in preparation,,,Kurze innovative Teilchenpakete und Beschleuniger bei DESY,Short INnovative Bunches and Accelerators at DESY,SINBAD,SINBAD,,,:athena,,,,,,/facility-life-cycle/3.1_operation,,,:desy,false,/accelerator-application/science-application/accelerator-research,,,,accelerator-science.sinbad,,,,,,,,,,,,,,,,,false,,,,,,
:athena/sinbad/ares,01: in preparation,,,Beschleuniger-Forschungsexperiment bei SINBAD,Accelerator Research Experiment at SINBAD,ARES,ARES,"Linearbeschleuniger zur Erzeugung ultrakurzer Elektronenpakete. Teil von SINBAD bei DESY. Das Ziel von ARES ist es, ultrakurze Elektronenpakete mit geringer Ladung (0,2 - 50 pC) und hoher Ankunftszeitstabilität (weniger als 10 fs) für verschiedene Anwendungen zu erzeugen, z.B. für die externe Injektion zur Beschleunigung von Laserplasma-wakefieldss [2]. Die Grundkonzeption des Beschleunigers sieht einen S-Band-Photoinjektor vor, der Elektronenpakete mit geringer Ladung durch Geschwindigkeits-Bündelung komprimiert und auf 100 MeV Energie beschleunigt.","Linearbeschleuniger zur Erzeugung ultrakurzer Elektronenpakete. Teil von SINBAD bei DESY. Das Ziel von ARES ist es, ultrakurze Elektronenpakete mit geringer Ladung (0,2 - 50 pC) und hoher Ankunftszeitstabilität (weniger als 10 fs) für verschiedene Anwendungen zu erzeugen, z.B. für die externe Injektion zur Beschleunigung von Laserplasma-wakefieldss [2]. Die Grundkonzeption des Beschleunigers sieht einen S-Band-Photoinjektor vor, der Elektronenpakete mit geringer Ladung durch Geschwindigkeits-Bündelung komprimiert und auf 100 MeV Energie beschleunigt.",:athena/sinbad,,/accelerator/linear-accelerator/,,electrons,,/facility-life-cycle/3.1_operation,2020,,:desy,false,/accelerator-application/science-application/accelerator-research,,,,accelerator-science.accelerators.ares,test-facilities,"ultracompact.laser-plasma-accelerator,beam-modeling.ultra-short-pulses,beam-modeling.s2e-fel-simulation,beam-modeling.machine-learning,measurement-and-control.machine-learning",,,,,,,,,,,,,,,false,,,,,,
:athena/sinbad/axsis,01: in preparation,,,"Attosekunden-Röntgenforschung, Bildgebung und Spektroskopie","Attosecond X-ray Science, Imaging and Spectroscopy",AXSIS,AXSIS,15 MeV-Elektronenbeschleuniger auf der Grundlage von THz-Wellen in dielektrischen Wellenleitern,15 MeV-Elektronenbeschleuniger auf der Grundlage von THz-Wellen in dielektrischen Wellenleitern,:athena/sinbad,,,,electrons,,/facility-life-cycle/3.1_operation,2019,,:desy,false,/accelerator-application/science-application/accelerator-research,,,,accelerator-science.accelerators.ares,test-facilities,,,,,,,,,,,,,,,,false,,,,,,
:berlin-protonen,01: in preparation,,,Protonentherapie von Augentumoren,Protonentherapie von Augentumoren,BerlinProtonen,BerlinProtonen,"BerlinProtonen ist eine auf die Behandlung von Augentumoren spezialisierte Protonentherapieanlage, die gemeinsam vom Helmholtz-Zentrum Berlin (HZB) und der Charité betrieben wird. Protonenstrahlen mit einer Energie von 68 MeV werden eingesetzt, um Augentumore gezielt zu zerstören und dabei das umliegende gesunde Gewebe zu schonen. Die Erfolgsquote bei der Zerstörung von Augentumoren liegt bei über 97 Prozent. In den meisten Fällen wird das Auge nicht nur gerettet, sondern es bleibt auch ein zufriedenstellendes Sehvermögen erhalten. Seit 1998 wurden in der Einrichtung mehr als 3 700 Patienten behandelt.","BerlinProtonen is a proton therapy facility specialising in the treatment of eye tumours, operated jointly by Helmholtz-Zentrum Berlin (HZB) and Charité. Proton beams with an energy of 68 MeV are used to precisely target and destroy eye tumours while sparing surrounding healthy tissue. The treatment has a success rate of over 97% in destroying eye tumours. In most cases, the eye is not only saved, but a satisfactory level of vision is maintained. More than 3,700 patients have been treated at the facility since 1998.",,,,/facility/accelerator-based-facility/medical-facility/beam-therapy/proton-beam-therapy,protons,,/facility-life-cycle/3.1_operation,1998,,:hzb,false,/accelerator-application/medical-application/,,,,,user-facilities,,,,,,,,,,,,,,,,true,,,,,,
:berlin-protonen/cyclotron,01: in preparation,,,Protonentherapie von Augentumoren,Protonentherapie von Augentumoren,BerlinProtonen Sektorzyklotron,BerlinProtonen sector cyclotron,"Als Hauptbeschleuniger nutzt BerlinProtonen ein Sektorenzyklotron mit vier Ablenkmagneten und zwei Hochfrequenzkomponenten für eine schrittweise Energieübertragung. Auf diese Weise erreichen die Protonen eine Endenergie von 68 Millionen Elektronenvolt, was etwa der halben Lichtgeschwindigkeit entspricht.","As the main accelerator, BerlinProtonen uses a sector cyclotron with four bending magnets and two high-frequency components for a stepwise energy transfer. In this way, the protons reach a final energy of 68 million electronvolts, which corresponds to about half the speed of light.",:berlin-protonen,,/accelerator/cyclotron/sector-cyclotron,/accelerator/cyclotron/sector-cyclotron,protons,,/facility-life-cycle/3.1_operation,1998,,:hzb,false,/accelerator-application/medical-application/,,,,,user-facilities,,,,,,,,,,,,,,,,true,,,,,,
:berlin-protonen/preaccelerator,01: in preparation,,,Protonentherapie von Augentumoren,Protonentherapie von Augentumoren,BerlinProtonen-Vorbeschleuniger,BerlinProtonen preaccelerator,"Als Vorbeschleuniger verwendet BerlinProtonen einen Van-de-Graaff-Generator mit einer maximalen Spannung von 5,5 Millionen Volt.","As a pre-accelerator, BerlinProtonen uses a Van de Graaff generator with a maximum potential of 5.5 million volts.",:berlin-protonen,,/accelerator/electrostatic-accelerator/van-de-graaff-accelerator,/accelerator/electrostatic-accelerator/van-de-graaff-accelerator,protons,,/facility-life-cycle/3.1_operation,1998,,:hzb,false,/accelerator-application/medical-application/,,,,,user-facilities,,,,,,,,,,,,,,,,true,,,,,,
:bessy-2,01: in preparation,,,Berliner Elektronenspeicherring für Synchrotronstrahlung II,Berlin electron storage ring for synchrotron radiation II,BESSY II,BESSY II,Synchrotron-Strahlungsquelle der dritten Generation für weiche Röntgenstrahlung,Synchrotron-Strahlungsquelle der dritten Generation für weiche Röntgenstrahlung,,,/accelerator/synchrotron/booster-synchrotron,/facility/accelerator-based-facility/photon-source/synchrotron-light-source/3rd-generation,electrons,photons,/facility-life-cycle/3.1_operation,1998,2020,:hzb,true,/accelerator-application/science-application/matter-research/photon-science,,,,photon-science.bessy.bessy-ii,user-facilities,"energy-supply.operation-optimization,beam-modeling.machine-learning,measurement-and-control.machine-learning",,,240,,,,,,,20000.0,,,,,true,1E-10,10.1140/epjp/s13360-023-03957-8,9E3,,,
:bessy-2__vsr,01: in preparation,,,Variabler Pulslängenspeicherring ,Variable pulse length storage ring,BESSY II/VSR,BESSY II/VSR,,,,:bessy-2,/accelerator/synchrotron/,/facility/accelerator-based-facility/photon-source/synchrotron-light-source/3rd-generation,electrons,photons,,2020,,:hzb,true,/accelerator-application/science-application/matter-research/photon-science,,,,photon-science.bessy.bessy-vsr,user-facilities,"materials.high-frequency-resonators,beam-modeling.ultra-short-pulses,beam-modeling.machine-learning",user.variable-pulse-structure,40m Euro (HR2015),240,,,,42m (HR2015),,,1500.0,,,,,true,,,,,,
:bessy-3,01: in preparation,,,Berliner Elektronenspeicherring für Synchrotronstrahlung III,Berlin electron storage ring for synchrotron radiation III,BESSY III,BESSY III,Geplante Synchrotron-Strahlungsquelle der vierten Generation für weiche Röntgenstrahlung,Geplante Synchrotron-Strahlungsquelle der vierten Generation für weiche Röntgenstrahlung,,:bessy-2__vsr,/accelerator/synchrotron/,/facility/accelerator-based-facility/photon-source/synchrotron-light-source/4th-generation,electrons,photons,/facility-life-cycle/1.2.1_creating_technical_design,2035,,:hzb,true,/accelerator-application/science-application/matter-research/photon-science,,,,photon-science.bessy.bessy-iii,user-facilities,"cavity-technology.injectors,magnet-technology.undulators,materials.high-frequency-resonators,energy-supply.operation-optimization,energy-supply.networks-and-systems,beam-modeling.machine-learning",facility.energy-efficiency,550m-750m Euro (HR2015),350,,2.5E9,,55m-75m (HR2015),,,,,,,,true,5E-9,10.1140/epjp/s13360-023-03957-8,,,,
:cac,02: in prereview,,,CERN-Beschleunigerkomplex,CERN Accelerator Complex,Accelerator Complex,Accelerator Complex,,,,,,/facility/facility-complex/,,,/facility-life-cycle/3.1_operation,,,:cern,true,"/accelerator-application/science-application/hadron-physics, /accelerator-application/science-application/high-energy-physics",,,,,,,,,,,,,,,,,,,,,true,,,,,,
:cac/ad,02: in prereview,,,Antiprotonen-Abbremsanlage,Antiproton Decelerator,AD,AD,"Der Antiprotonen-Entschleuniger am CERN ist eine Anlage zur Erzeugung von niederenergetischen Antiprotonen für die Antimaterieforschung. Er verwendet hochenergetische Antiprotonen aus Protonenkollisionen und bremst sie von knapp unter Lichtgeschwindigkeit auf etwa ein Zehntel der Lichtgeschwindigkeit ab. Diese Abbremsung wird durch den Einsatz starker elektrischer Felder erreicht. Darüber hinaus werden Techniken zur Strahlkühlung eingesetzt, um die Energiespreizung und die Abweichung von der gewünschten Bahn zu verringern. ","The Antiproton Decelerator at CERN is a facility used to produce low-energy antiprotons for antimatter research. It takes high-energy antiprotons from proton collisions and slows them down from just below the speed of light to about one-tenth the speed of light. This deceleration is achieved by using strong electric fields. In addition, beam cooling techniques are employed to reduce the spread in energy and deviation from the desired track. ",:cac,,/accelerator/particle-decelerator,/accelerator/particle-decelerator,antiprotons,,/facility-life-cycle/3.1_operation,1999,,:cern,true,"/accelerator-application/science-application/hadron-physics, /accelerator-application/science-application/high-energy-physics",,,,,,,,,,,,,,,,,,,,,true,,,,,,
:cac/awake__run-1,01: in preparation,,,Fortgeschrittenes plasmabasiertes protonengetriebenes Beschleuningungsexperiment ,Advanced proton driven plasma Wakefield Acceleration Experiment ,AWAKE,AWAKE,"Machbarkeitsstudie über die Verwendung von Plasma-Wakefields, die von einem Protonenstrahl angetrieben werden, um geladene Teilchen zu beschleunigen.",Feasibility study on the use of plasma wakefields driven by a proton beam to accelerate charged particles.,:cac,,,/accelerating-process/plasma-based-acceleration/plasma-based_beam-driven_acceleration,protons,electrons,/facility-life-cycle/4.1_replaced_by_upgrade,2016,2018,:cern,false,/accelerator-application/science-application/accelerator-research,,https://home.cern/science/accelerators/awake,,accelerator-science.accelerators.awake,test-facilities,"materials.high-frequency-resonators,materials.sensor-materials,ultracompact.particle-beam-plasma-accelerator,beam-modeling.ultra-short-pulses",facility.size,,,,,,,,,,,,,,false,,,,,,
:cac/elena,01: in preparation,,,Extra-Niedrigenergie-Antiprotonen-Ring,Extra Low Energy Antiproton ring,ELENA,ELENA,"ELENA (Extra Low ENergy Antiproton) ist ein 30 m langer sechseckiger Speicherring, der Antiprotonenstrahlen abbremst und an verschiedene Experimente liefert. Er soll den vom Antiproton Decelerator AD kommenden Antiprotonenstrahl für präzisere Messungen auf eine Energie von 0,1 MeV abbremsen.",ELENA (Extra Low ENergy Antiproton) is a 30 m hexagonal storage ring that decelerates antiproton beams and delivers it to different experiments. It is designed to further decelerate the antiproton beam coming from the Antiproton Decelerator AD to an energy of 0.1 MeV for more precise measurements.,:cac,,/accelerator/particle-decelerator,/accelerator/particle-decelerator,antiprotons,antiprotons,/facility-life-cycle/3.1_operation,2020,,:cern,true,"/accelerator-application/science-application/hadron-physics, /accelerator-application/science-application/high-energy-physics",,,,,,,,,,,,,,,,,,,,,true,,,,,,
:cac/isolde,01: in preparation,,,Einrichtung zur Erzeugung radioaktiver Ionenstrahlen,Isotope Separator On Line DEvice,ISOLDE,ISOLDE,"Anlage zur Erzeugung radioaktiver Nuklide durch Spallations-, Spaltungs- oder Fragmentierungsreaktionen in einem dicken Target, das mit einem Protonenstrahl mit einer Energie von 1,4 GeV und einer Intensität bis zu 2 Mikroampere bestrahlt wird.","Facility for the production of radioactive nuclides by spallation, fission or fragmentation reactions in a thick target irradiated with a proton beam with an energy of 1.4 GeV and an intensity of up to 2 microamperes.",:cac,,,/accelerator/particle-decelerator,protons,heavy ions,/facility-life-cycle/3.1_operation,1992,,:cern,true,"/accelerator-application/science-application/hadron-physics, /accelerator-application/science-application/high-energy-physics",,,,hadron-physics.isolde,,,,,,,,,,,,,,,,,true,,,,,,
:cac/lhc,02: in prereview,,,Großer Hadronen-Collider (LHC),Large Hadron Collider (LHC),LHC ,LHC ,,,:cac,,,/facility/accelerator-based-facility/particle-collider/circular-particle-collider,"protons, heavy ions",,/facility-life-cycle/3.1_operation,2021,2024,:cern,true,"/accelerator-application/science-application/hadron-physics, /accelerator-application/science-application/high-energy-physics",,,,particle-physics.lhc,user-facilities,,,,27000,,,,,,,,,,,,true,,,,,,
:cac/lhc__run-1,01: in preparation,,,Großer Hadronen-Collider,Large Hadron Collider (LHC Run 1),LHC Run 1,LHC Run 1,,,:cac,:cac/lhc,,/facility/accelerator-based-facility/particle-collider/circular-particle-collider,"protons, heavy ions",,/facility-life-cycle/4.1_replaced_by_upgrade,2011,2013,:cern,true,"/accelerator-application/science-application/hadron-physics, /accelerator-application/science-application/high-energy-physics",,,,particle-physics.lhc.run-1,user-facilities,,,,27000,,,,,,,,,,,,true,,,,,,
:cac/lhc__run-2,01: in preparation,,,Großer Hadronen-Collider,Large Hadron Collider (LHC Run 2),LHC Run 2,LHC Run 2,,,:cac,:cac/lhc,,/facility/accelerator-based-facility/particle-collider/circular-particle-collider,"protons, heavy ions",,/facility-life-cycle/4.1_replaced_by_upgrade,2015,2018,:cern,true,"/accelerator-application/science-application/hadron-physics, /accelerator-application/science-application/high-energy-physics",,,,particle-physics.lhc.run-2,user-facilities,,,,27000,,,,,,,,,,,,true,,,,,,
:cac/lhc__run-3,01: in preparation,,,Großer Hadronen-Collider,Large Hadron Collider (LHC Run 3),LHC Run 3 ,LHC Run 3 ,,,:cac,:cac/lhc,,/facility/accelerator-based-facility/particle-collider/circular-particle-collider,"protons, heavy ions",,/facility-life-cycle/3_operation_and_maintenance,2021,2026,:cern,true,"/accelerator-application/science-application/hadron-physics, /accelerator-application/science-application/high-energy-physics",,,,particle-physics.lhc,user-facilities,,,,27000,,,,,,,,,,,,true,,,,,,
:cac/lhc__run-4,01: in preparation,,,Hochluminöser großer Hadronen-Collider,High-Luminosity Large Hadron Collider (LHC Run 4),HL-LHC (LHC Run 4),HL-LHC (LHC Run 4),"Der HL-LHC ist eine genehmigte Luminositätserhöhung des LHC. Der HL-LHC wird der erste Beschleuniger mit Quadrupol- und Dipolmagneten auf Basis von Nb3Sn-Supraleitern und damit ein wichtiges technologisches Sprungbrett für längerfristige Zukunftsprojekte wie FCC-hh und HE-LHC darstellt. Der HL-LHC wird auch der erste Hadronenbeschleuniger sein, der Krabbenhohlräume verwendet.",The HL-LHC is an approved luminosity increase of the LHC. The HL-LHC will be the first accelerator with quadrupole and dipole magnets based on Nb3Sn superconductors and thus an important technological stepping stone for longer-term future projects such as FCC-hh and HE-LHC. The HL-LHC will also be the first hadron collider to use crab cavities.,:cac,:cac/lhc,,/facility/accelerator-based-facility/particle-collider/circular-particle-collider,"protons, heavy ions",,/facility-life-cycle/2.1_preparation,2030,2033,:cern,true,"/accelerator-application/science-application/hadron-physics, /accelerator-application/science-application/high-energy-physics",,,,particle-physics.lhc.hl-lhc,user-facilities,"materials.sensor-materials,energy-supply.operation-optimization,energy-supply.load-management",user.data-rate,,27000,,,7.3,,,,,8.3,14000.000,,135.0,true,,,,,,
:cac/lhc__run-5,01: in preparation,,,Hochluminöser großer Hadronen-Collider,High-Luminosity Large Hadron Collider (LHC Run 5),HL-LHC (LHC Run 5),HL-LHC (LHC Run 5),"Der HL-LHC ist eine genehmigte Luminositätserhöhung des LHC. Der HL-LHC wird der erste Beschleuniger mit Quadrupol- und Dipolmagneten auf Basis von Nb3Sn-Supraleitern und damit ein wichtiges technologisches Sprungbrett für längerfristige Zukunftsprojekte wie FCC-hh und HE-LHC darstellt. Der HL-LHC wird auch der erste Hadronenbeschleuniger sein, der Krabbenhohlräume verwendet.","Der HL-LHC ist eine genehmigte Luminositätserhöhung des LHC. Der HL-LHC wird der erste Beschleuniger mit Quadrupol- und Dipolmagneten auf Basis von Nb3Sn-Supraleitern und damit ein wichtiges technologisches Sprungbrett für längerfristige Zukunftsprojekte wie FCC-hh und HE-LHC darstellt. Der HL-LHC wird auch der erste Hadronenbeschleuniger sein, der Krabbenhohlräume verwendet.",:cac,:cac/lhc,,/facility/accelerator-based-facility/particle-collider/circular-particle-collider,"protons, heavy ions",,/facility-life-cycle/1.2_technical_design,2036,2038,:cern,true,"/accelerator-application/science-application/hadron-physics, /accelerator-application/science-application/high-energy-physics",,,,particle-physics.lhc.hl-lhc,user-facilities,"materials.sensor-materials,energy-supply.operation-optimization,energy-supply.load-management",user.data-rate,,27000,,,7.3,,,,,8.3,14000.000,,135.0,true,,,,,,
:cac/linac1,01: in preparation,,,Linearbeschleuniger 1,Linear accelerator 1,Linac 1,Linac 1,,,:cac,,/accelerator/linear-accelerator/,/accelerator/linear-accelerator/,protons,,/facility-life-cycle/3.1_operation,1958,,:cern,true,"/accelerator-application/science-application/hadron-physics, /accelerator-application/science-application/high-energy-physics",,,,,,,,,,,,,,,,,,,,,true,,,,,,
:cac/linac2,01: in preparation,,,Linearbeschleuniger 2,Linear accelerator 2,Linac 2,Linac 2,,,:cac,,/accelerator/linear-accelerator/,/accelerator/linear-accelerator/,,,/facility-life-cycle/3.1_operation,1978,,:cern,true,"/accelerator-application/science-application/hadron-physics, /accelerator-application/science-application/high-energy-physics",,,,,,,,,,,,,,,,,,,,,true,,,,,,
:cac/linac3,01: in preparation,,,Linearbeschleuniger 3,Linear accelerator 3,Linac 3,Linac 3,,,:cac,,/accelerator/linear-accelerator/,/accelerator/linear-accelerator/,,,/facility-life-cycle/3.1_operation,1994,,:cern,true,"/accelerator-application/science-application/hadron-physics, /accelerator-application/science-application/high-energy-physics",,,,,,,,,,,,,,,,,,,,,true,,,,,,
:cac/linac4,01: in preparation,,,Linearbeschleuniger 4,Linear accelerator 4,Linac 4,Linac 4,,,:cac,,/accelerator/linear-accelerator/,/accelerator/linear-accelerator/,,,/facility-life-cycle/3.1_operation,2020,,:cern,true,"/accelerator-application/science-application/hadron-physics, /accelerator-application/science-application/high-energy-physics",,,,,,,,,,,,,,,,,,,,,true,,,,,,
:cac/ps,01: in preparation,,,Protonen-Synchrotron,Proton Synchrotron,PS,PS,,,:cac,,/accelerator/synchrotron/,/accelerator/synchrotron/,"protons, heavy ions",,/facility-life-cycle/3.1_operation,1959,,:cern,true,"/accelerator-application/science-application/hadron-physics, /accelerator-application/science-application/high-energy-physics",,,,,,,,,,,,,,,,,,,,,true,,,,,,
:cac/psb,02: in prereview,,,Proton Synchrotron Booster,Proton Synchrotron Booster,PSB,PSB,,,:cac,,/accelerator/synchrotron/,/accelerator/synchrotron/,protons,,/facility-life-cycle/3.1_operation,1972,,:cern,true,"/accelerator-application/science-application/hadron-physics, /accelerator-application/science-application/high-energy-physics",,,,,,,,,,,,,,,,,,,,,true,,,,,,
:cac/sps,01: in preparation,,,Super-Protonen-Synchrotron,Super Proton Synchrotron,SPS,SPS,,,:cac,,/accelerator/synchrotron/,/accelerator/synchrotron/,"protons, heavy ions",,/facility-life-cycle/3.1_operation,,,:cern,true,"/accelerator-application/science-application/hadron-physics, /accelerator-application/science-application/high-energy-physics",,,,,,,,,,,,,,,,,,,,,true,,,,,,
:clic,01: in preparation,,,Kompakter Linearcollider,Compact LInear Collider,CLIC,CLIC,"Linearer Elektronen-Positronen-Collider im TeV-Bereich mit hoher Luminosität für die Erforschung kleinster Teilchen, der von internationalen Kollaborationen unter der Leitung des CERN entwickelt wird. Der CLIC-Beschleuniger wurde für drei Energiestufen bei Massenschwerpunktenergien von 380 GeV, 1,5 TeV und 3 TeV optimiert [1]. CLIC verwendet eine neuartige Zweistrahl-Beschleunigungstechnik mit normalleitenden Beschleunigungsstrukturen, die im Bereich von 70 MV/m bis 100 MV/m arbeiten.","Linearer Elektronen-Positronen-Collider im TeV-Bereich mit hoher Luminosität für die Erforschung kleinster Teilchen, der von internationalen Kollaborationen unter der Leitung des CERN entwickelt wird. Der CLIC-Beschleuniger wurde für drei Energiestufen bei Massenschwerpunktenergien von 380 GeV, 1,5 TeV und 3 TeV optimiert [1]. CLIC verwendet eine neuartige Zweistrahl-Beschleunigungstechnik mit normalleitenden Beschleunigungsstrukturen, die im Bereich von 70 MV/m bis 100 MV/m arbeiten.",,,/accelerator/linear-accelerator/,/accelerator/linear-accelerator/,"electrons, positrons",,/facility-life-cycle/1.2.2_technically-designed,2040,2060,:cern,true,/accelerator-application/science-application/high-energy-physics,,,,particle-physics.clic,user-facilities,materials.high-frequency-resonators,,,48400,,,0.0,,,,,,3000.000,100.0,,true,,,,,,
:cosy,01: in preparation,,,Kühlersynchrotron,Cooler-Synchrotron,COSY,COSY,"Kühlersynchrotron für Protonen und Deuteronen am Forschungszentrum Jülich. Die Teilchenstrahlen können bei Bedarf gekühlt werden, um die Strahlqualität zu erhöhen.","Kühlersynchrotron für Protonen und Deuteronen am Forschungszentrum Jülich. Die Teilchenstrahlen können bei Bedarf gekühlt werden, um die Strahlqualität zu erhöhen.",,,/accelerator/synchrotron/,/accelerator/synchrotron/,ions,,/facility-life-cycle/3_operation_and_maintenance,1993,,:fz-juelich,false,/accelerator-application/science-application/hadron-physics,,,,hadron-physics.cosy,user-facilities,,,,,,,,,,,,,,,,true,,,,,,
:kit-atp/cstart,01: in preparation,,,Kompakter Speicherring für Beschleunigerforschung und -technologie,Compact Storage Ring for Accelerator Research and Technology,cSTART,cSTART,Machbarkeitsstudie zur Speicherung ultrakurzer Elektronenpakete mit großer Impulsspanne aus einem Laser-Teilchenbeschleuniger.,Machbarkeitsstudie zur Speicherung ultrakurzer Elektronenpakete mit großer Impulsspanne aus einem Laser-Teilchenbeschleuniger.,:kit-atp,,/accelerator/synchrotron/storage-ring/,/accelerator/synchrotron/storage-ring/,electrons,,/facility-life-cycle/2.1_preparation,2026,,:kit,false,/accelerator-application/science-application/accelerator-research,,,,accelerator-science.accelerators.cstart,test-facilities,"materials.high-temperature-superconductivity,ultracompact.laser-plasma-injector,beam-modeling.ultra-short-pulses,measurement-and-control.high-resolution-diagnostics",,,,,,,,,,,,,,,false,,,,,,
:dali,01: in preparation,,,Fortschrittliche Lichtinfrastruktur in Dresden,Dresden Advanced Light Infrastructure,DALI,DALI,Dresden Advanced Light Infrastructure,Dresden Advanced Light Infrastructure,,,,/facility/laser-facility,photons,,/facility-life-cycle/3.1_operation,2030,2040,:hzdr,false,/accelerator-application/science-application/matter-research/photon-science,,,,photon-science.dali,user-facilities,"beam-modeling.ultra-short-pulses,beam-modeling.s2e-fel-simulation",,,,,,,,,,,,,,,false,,,,,,
:delta,02: in prereview,,,Dortmunder Elektronenspeicherring-Anlage,Dortmund ELectron storage ring facility,DELTA,DELTA,,,,,/accelerator/synchrotron/,/accelerator/synchrotron/,electrons,photons,/facility-life-cycle/3_operation_and_maintenance,1996,,:tu-dortmund,false,/accelerator-application/science-application/matter-research/photon-science,/accelerator-application/science-application/accelerator-research,,,photon-science.delta,user-facilities,measurement-and-control.high-resolution-diagnostics,,,,,,,,,,,,,,,false,,,,,,
:draco,01: in preparation,,,DResden laser ACceleration source,DResden laser ACceleration source,(LASER) DRACO,(LASER) DRACO,Ultrakurzpuls-Hochleistungslaser für Untersuchungen zur Laserteilchenbeschleunigung ,Ultrakurzpuls-Hochleistungslaser für Untersuchungen zur Laserteilchenbeschleunigung ,,,,/facility/laser-facility,,,/facility-life-cycle/4.2.2_decommissioned,,,:hzdr,false,/accelerator-application/science-application/accelerator-research,,,,accelerator-science.lasers.draco,test-facilities,"ultracompact.laser-plasma-accelerator,beam-modeling.ultra-short-pulses,measurement-and-control.high-precision-control",,,,,,,,,,,,,,,false,,,,,,
:elbe,01: in preparation,,,Strahlungsquelle ELBE,User Facility ELBE,ELBE,ELBE,"Die Strahlungsquelle ELBE (Elektronen-Linearbeschleuniger für Strahlen hoher Brillanz und niedriger Emittanz) besteht aus einem supraleitenden Elektronenbeschleuniger und mehreren Nebenanlagen, die sowohl elektromagnetische Strahlung (THz-, Infrarot- und hochenergetische Gammastrahlung) als auch Teilchenstrahlung (Neutronen, Positronen und Elektronen) erzeugen. Diese Sekundärstrahlung steht sowohl externen Nutzern als auch den Mitgliedern des Helmholtz-Zentrums Dresden-Rossendorf für Forschungszwecke zur Verfügung. ","The ELBE radiation source (electron linear accelerator for high brilliance and low emittance beams) consists of a superconducting electron accelerator and several auxiliary facilities that generate both electromagnetic radiation (THz, infrared and high-energy gamma radiation) and particle radiation (neutrons, positrons and electrons). This secondary radiation is available to both external users and members of the Helmholtz-Zentrum Dresden-Rossendorf for research purposes.",,,/accelerator/linear-accelerator/,/facility/accelerator-based-facility/photon-source/,electrons,"photons, positrons, neutrons",/facility-life-cycle/3.1_operation,2001,,:hzdr,false,/accelerator-application/science-application/accelerator-research,,https://www.hzdr.de/db/Cms?pNid=145,https://www.hzdr.de/db/Cms?pNid=145,hadron-physics,test-facilities,,,,,,,,,,,,,,,,true,,,,,,
:elsa,01: in preparation,,,Elektronenstretcher-Anlage,Elektronenstretcher-Anlage,ELSA,ELSA,"Die Elektronen-Stretcher-Anlage ELSA wird von der Universität Bonn im Land Nordrhein-Westfalen betrieben. Sie besteht aus drei Stufen (Injektor-LINAC, Booster-Synchrotron und Stretcher-Ring) und liefert einen Strahl polarisierter oder unpolarisierter Elektronen mit variabler Energie von maximal 3,2 GeV. Für das Hauptforschungsgebiet, die Hadronenphysik, können Ströme bis zu 1 nA extrahiert und zu den Experimentierplätzen CB-ELSA und BGOOD transferiert werden.","Die Elektronen-Stretcher-Anlage ELSA wird von der Universität Bonn im Land Nordrhein-Westfalen betrieben. Sie besteht aus drei Stufen (Injektor-LINAC, Booster-Synchrotron und Stretcher-Ring) und liefert einen Strahl polarisierter oder unpolarisierter Elektronen mit variabler Energie von maximal 3,2 GeV. Für das Hauptforschungsgebiet, die Hadronenphysik, können Ströme bis zu 1 nA extrahiert und zu den Experimentierplätzen CB-ELSA und BGOOD transferiert werden.",,,/accelerator/synchrotron/storage-ring/,,electrons,,/facility-life-cycle/3.1_operation,1987,,:uni-bonn,false,/accelerator-application/science-application/hadron-physics,,https://www.pi.uni-bonn.de/elsa/de/beschleuniger/aufbau,,hadron-physics,test-facilities,,,,,,,,,,,,,,,,false,,,,,,
:esrf,02: in prereview,,,European Synchrotron Radiation Facility,European Synchrotron Radiation Facility,ESRF,ESRF,European Synchrotron Radiation Facility,European Synchrotron Radiation Facility,,,/accelerator/synchrotron/,/facility/accelerator-based-facility/photon-source/synchrotron-light-source/3rd-generation,electrons,photons,/facility-life-cycle/4.1_replaced_by_upgrade,1995,2019,:esrf,false,/accelerator-application/science-application/matter-research/photon-science,,,,photon-science,user-facilities,,,,844,,,,,,,,,,,,true,,,,,,
:esrf__ebs,02: in prereview,,,Extrem brillante Quelle,European Synchrotron Radiation Facility – Extremely Brilliant source,ESRF-EBS,ESRF-EBS,European Synchrotron Radiation Facility – Extremely Brilliant source,European Synchrotron Radiation Facility – Extremely Brilliant source,,:esrf,/accelerator/synchrotron/,/facility/accelerator-based-facility/photon-source/synchrotron-light-source/4th-generation,electrons,photons,/facility-life-cycle/3.1_operation,2020,2040,:esrf,true,/accelerator-application/science-application/matter-research/photon-science,,,,photon-science,user-facilities,,,,844,,,,,,,,,,,,true,,,,,,
:ess,02: in prereview,,,Europäische Spallationsquelle,European Spallation Source,ESS,ESS,European Spallation Source,European Spallation Source,,,/accelerator/linear-accelerator/,/facility/accelerator-based-facility/neutron-source/spallation-neutron-source,protons,,/facility-life-cycle/2.2_construction,2023,,:ess,true,/accelerator-application/science-application/matter-research/neutron-science,,,,neutron-science,user-facilities,,,,,,,,,,,,,,,,true,,,,,,
:eu-xfel,01: in preparation,,,Europäische Freie-Elektronen-Röntgenlaseranlage,European X-Ray Free-Electron Laser Facility,European XFEL,European XFEL,,,,,/accelerator/linear-accelerator/,/facility/accelerator-based-facility/photon-source/free-electron-laser/,electrons,photons,/facility-life-cycle/3_operation_and_maintenance,2017,2030,:eu-xfel,true,/accelerator-application/science-application/matter-research/photon-science,,,,photon-science.eu-xfel,user-facilities,"energy-supply.operation-optimization,energy-supply.networks-and-systems,beam-modeling.ultra-short-pulses",,,3400,,,,,,,10.0,,,,,true,,,,,,
:eu-xfel__1.5,02: in prereview,,,European XFEL 1.5,European XFEL 1.5,European XFEL 1.5,European XFEL 1.5,,,,:eu-xfel,/accelerator/linear-accelerator/,/facility/accelerator-based-facility/photon-source/free-electron-laser/,electrons,photons,/facility-life-cycle/1_design,2025,2029,:eu-xfel,true,/accelerator-application/science-application/matter-research/photon-science,,,,photon-science.eu-xfel.15,user-facilities,"materials.high-frequency-resonators,energy-supply.networks-and-systems,beam-modeling.ultra-short-pulses",,,3400,,,,,,,,,,,,true,,,,,,
:eu-xfel__2.0,02: in prereview,,,European XFEL 2.0,European XFEL 2.0,European XFEL 2.0,European XFEL 2.0,,,,:eu-xfel,/accelerator/linear-accelerator/,/facility/accelerator-based-facility/photon-source/free-electron-laser/,electrons,photons,/facility-life-cycle/1_design,2030,2040,:eu-xfel,true,/accelerator-application/science-application/matter-research/photon-science,,,,photon-science.eu-xfel.20,user-facilities,"cavity-technology.injectors,cavity-technology.continuous-wave-operation,beam-modeling.s2e-fel-simulation,magnet-technology.undulators,materials.high-frequency-resonators,materials.sensor-materials,energy-supply.networks-and-systems,beam-modeling.ultra-short-pulses","user.data-rate,facility.energy-efficiency,user.variable-pulse-structure",550m Euro (HR2015),3400,,,,+10-20 zu Phase I,,,,,,,,true,,,,,,
:eupraxia,01: in preparation,,,Europäischer Plasma-Forschungsbeschleuniger,European Plasma Research Accelerator with eXcellence In Applications ,EuPRAXIA,EuPRAXIA,,,,,,,electrons,photons,/facility-life-cycle/2.1_preparation,,,,true,/accelerator-application/science-application/accelerator-research,/accelerator-application/science-application/matter-research/photon-science,,,accelerator-science,test-facilities,"materials.sensor-materials,ultracompact.laser-plasma-accelerator,beam-modeling.s2e-fel-simulation",,,,,,,,,,,,,,,true,,,,,,
:fair,01: in preparation,,,Forschungsanlage für Antiprotonen und Ionen,Facility for Antiproton and Ion Research,FAIR,FAIR,,,,,/accelerator/accelerator-complex,/facility/facility-complex/,protons,,/facility-life-cycle/2.2_construction,2022,2029,:fair,true,/accelerator-application/science-application/hadron-physics,,,,hadron-physics.fair,user-facilities,"materials.vacuum-systems,energy-supply.operation-optimization,energy-supply.load-management,energy-supply.superconductivity,energy-supply.networks-and-systems,beam-modeling.machine-learning",,,1100,,,,,,,,,,,,true,,,,,,
:fair/cr,02: in prereview,,,Collector Ring,Collector Ring,CR,CR,,,:fair,,/accelerator/synchrotron/storage-ring/,/accelerator/synchrotron/storage-ring/,,,/facility-life-cycle/2.2_construction,,,:fair,true,/accelerator-application/science-application/hadron-physics,,,,,,,,,,,,,,,,,,,,,true,,,,,,
:fair/esr,01: in preparation,,,Experimentierspeicherring ,Experimental Storage Ring,ESR,ESR,,,:fair,,/accelerator/synchrotron/storage-ring/,/accelerator/synchrotron/storage-ring/,protons,,/facility-life-cycle/2.2_construction,,,:fair,true,/accelerator-application/science-application/hadron-physics,,,,,,,,,,,,,,,,,,,,,true,,,,,,
:fair/hesr,02: in prereview,,,Hochenergiespeicherring,HESR,HESR,HESR,"Hochenergiespeicherring HESR für Antiprotonen im Energiebereich zwischen 0,83 GeV und 14 GeV",High-energy storage ring HESR for antiprotons in the energy range between 0.83 GeV and 14 GeV,:fair,,/accelerator/synchrotron/storage-ring/,/accelerator/synchrotron/storage-ring/,antiprotons,,/facility-life-cycle/2.2_construction,,,:fair,true,/accelerator-application/science-application/hadron-physics,,,,,,,,,,,,,,,,,,,,,true,,,,,,
:fair/p-bar,02: in prereview,,,PBAR,PBAR,,,,,:fair,,,,,,/facility-life-cycle/2.2_construction,,,:fair,true,/accelerator-application/science-application/hadron-physics,,,,,,,,,,,,,,,,,,,,,true,,,,,,
:fair/p-linac,02: in prereview,,,Protonen-Linac,Proton linear accelerator ,PLINAC,PLINAC,"P-LINAC liefert die Protonen für die internationale Beschleunigeranlage FAIR in Darmstadt. Dieser Beschleuniger besteht aus einer Protonenquelle, einem RFQ und einem Raumtemperatur-CH-Driftröhren-Linac für Beschleunigungen von bis zu 70 MeV.","P-LINAC provides the protons for the international accelerator facility FAIR in Darmstadt. This accelerator consists of a proton source, an RFQ and a room temperature CH drift tube linac for accelerations of up to 70 MeV.",:fair,,/accelerator/linear-accelerator/,/accelerator/linear-accelerator/,protons,,/facility-life-cycle/2.2_construction,,,:fair,true,/accelerator-application/science-application/hadron-physics,,,,,,,,,,,,,,,,,,,,,true,,,,,,
:fair/sis18,02: in prereview,,,Schwerionensynchrotron,Heavy-ion synchrotron,SIS18,SIS18,,,:fair,,/accelerator/synchrotron/,/accelerator/synchrotron/,protons,,/facility-life-cycle/2.2_construction,,,:fair,true,/accelerator-application/science-application/hadron-physics,,,,,,,,,,,,,,,,,,,,,true,,,,,,
:fair/sis100,02: in prereview,,,Schwerionensynchrotron,Heavy-ion synchrotron,SIS100,SIS100,,,:fair,,/accelerator/synchrotron/,/accelerator/synchrotron/,protons,,/facility-life-cycle/2.2_construction,,,:fair,true,/accelerator-application/science-application/hadron-physics,,,,,,,,,,,,,,,,,,,,,true,,,,,,
:fair/super-frs,01: in preparation,,,Supraleitender Fragment-Trenner,Super-conducting Fragment Separator,Super-FRS,Super-FRS,"Der Superconducting FRagment Separator (Super-FRS) wird der leistungsstärkste In-Flight-Separator der Welt sein. Seltene Isotope aller Elemente bis hin zum Uran werden bei relativistischen Energien erzeugt und innerhalb weniger hundert Nanosekunden räumlich getrennt, was die Untersuchung sehr kurzlebiger Kerne ermöglicht.","The Superconducting FRagment Separator (Super-FRS) will be the most powerful in-flight separator in the world. Rare isotopes of all elements up to uranium will be produced at relativistic energies and spatially separated within a few hundred nanoseconds, allowing the study of very short-lived nuclei.",:fair,,,,"light ions, heavy ions",,/facility-life-cycle/2.2_construction,,,:fair,true,/accelerator-application/science-application/hadron-physics,,,,,,,,,,,,,,,,,,,,,true,,,,,,
:fair/unilac,01: in preparation,,,Universeller Linearbeschleuniger,Universal Linear Accelerator,UNILAC,UNILAC,"UNILAC (Universal Linear Accelerator) ist der Name eines Schwerionenbeschleunigers am GSI Helmholtzzentrum für Schwerionenforschung in Darmstadt. Das „Universal“ im Namen weist darauf hin, dass die Anlage Ionen aller Massenzahlen von Wasserstoff bis Uran beschleunigen kann. Mit Hilfe des UNILAC wurden unter anderem erstmals die Elemente Bohrium (Bh, 107), Hassium (Hs, 108), Meitnerium (Mt, 109), Darmstadtium (Ds, 110), Roentgenium (Rg, 111) und Copernicium (Cn, 112) synthetisiert.","UNILAC (Universal Linear Accelerator) is the name of a heavy ion accelerator at the GSI Helmholtz Centre for Heavy Ion Research in Darmstadt. The ‘Universal’ in the name indicates that the facility can accelerate ions of all mass numbers from hydrogen to uranium. With the help of UNILAC, the elements Bohrium (Bh, 107), Hassium (Hs, 108), Meitnerium (Mt, 109), Darmstadtium (Ds, 110), Roentgenium (Rg, 111) and Copernicium (Cn, 112), among others, were synthesised for the first time.",:fair,,/accelerator/linear-accelerator/,,protons,,/facility-life-cycle/2.2_construction,,,:fair,true,/accelerator-application/science-application/hadron-physics,,,,,,,,,,,,,,,,,,,,,true,,,,,,
:fcc,02: in prereview,,,Zukünftiger Ringkollider,Future Circular Collider,FCC,FCC,Future Circular Collider (ee),Future Circular Collider (ee),,,/accelerator/synchrotron/storage-ring/,/facility/accelerator-based-facility/particle-collider/circular-particle-collider,"electronss, protons, positrons",,/facility-life-cycle/1.2.1_creating_technical_design,2038,2053,:cern,false,/accelerator-application/science-application/high-energy-physics,,,,particle-physics,user-facilities,"materials.vacuum-systems,materials.sensor-materials,energy-supply.operation-optimization,energy-supply.load-management,energy-supply.superconductivity,energy-supply.networks-and-systems,beam-modeling.machine-learning","user.availability,beam.particle-energy,beam.intensity-maximum,facility.construction-cost,facility.energy-efficiency",24000 MCH (2018),90700000,,,,,,,,,,,,true,,,,,,
:fcc-ee,02: in prereview,,,Zukünftiger Elektronen-Positronen-Ringkollider,Future Circular Collider (ee),FCC-ee,FCC-ee,Future Circular Collider (ee),Future Circular Collider (ee),,:fcc,,/facility/accelerator-based-facility/particle-collider/circular-particle-collider,"electronss, positrons",,/facility-life-cycle/1.2.1_creating_technical_design,2038,2053,:cern,false,/accelerator-application/science-application/high-energy-physics,,,,particle-physics,user-facilities,"materials.vacuum-systems,materials.sensor-materials,energy-supply.operation-optimization,energy-supply.load-management,energy-supply.superconductivity,energy-supply.networks-and-systems,beam-modeling.machine-learning","user.availability,beam.particle-energy,beam.intensity-maximum,facility.construction-cost,facility.energy-efficiency",24000 MCH (2018),90700000,,,,,,,,,,,,true,,,,,,
:fcc-hh,01: in preparation,,,Zukünftiger Hadronen-Ringkollider,Future Circular Collider (hh),FCC-hh,FCC-hh,Future Circular Collider (hh),Future Circular Collider (hh),,:fcc,,/facility/accelerator-based-facility/particle-collider/circular-particle-collider,ions,,/facility-life-cycle/1.2.1_creating_technical_design,2063,2088,:cern,true,/accelerator-application/science-application/high-energy-physics,,,,particle-physics,user-facilities,"magnet-technology.high-field-dipole-magnets,materials.high-temperature-superconductivity,materials.vacuum-systems,materials.sensor-materials,energy-supply.operation-optimization,energy-supply.load-management,energy-supply.superconductivity,energy-supply.networks-and-systems,beam-modeling.machine-learning",,,90700000,,,2900.0,,,,,20.0,100000.000,,171.0,true,,,,,,
:flash,01: in preparation,,,Freie-Elektronen-Laser in Hamburg (FLASH),Free electron-laser in Hamburg,FLASH,FLASH,Free electron-laser in Hamburg,Free electron-laser in Hamburg,,,/accelerator/linear-accelerator/,/facility/accelerator-based-facility/photon-source/free-electron-laser/,electrons,photons,/facility-life-cycle/4.1_replaced_by_upgrade,2005,2019,:desy,true,/accelerator-application/science-application/matter-research/photon-science,/accelerator-application/science-application/accelerator-research,,,photon-science.flash,user-facilities,"beam-modeling.s2e-fel-simulation,beam-modeling.machine-learning,measurement-and-control.high-resolution-diagnostics,measurement-and-control.high-precision-control",,,315,,,,,,,,,,,,true,,,,,,
:flash1+flash2,01: in preparation,,,Freie-Elektronen-Laser in Hamburg (FLASH 1+2),Free electron-laser in Hamburg,FLASH 1+2,FLASH 1+2,Free electron-laser in Hamburg,Free electron-laser in Hamburg,,:flash,/accelerator/linear-accelerator/,/facility/accelerator-based-facility/photon-source/free-electron-laser/,electrons,photons,/facility-life-cycle/4.1_replaced_by_upgrade,2005,2024,:desy,true,/accelerator-application/science-application/matter-research/photon-science,/accelerator-application/science-application/accelerator-research,,,photon-science.flash.flash-1-2,user-facilities,beam-modeling.s2e-fel-simulation,,,315,,,,,,,30.0,,,,,true,,,,,,
:flash2020+,02: in prereview,,,Freie-Elektronen-Laser in Hamburg (FLASH 2020+),Free electron-laser in Hamburg,FLASH 2020+,FLASH 2020+,Free electron-laser in Hamburg,Free electron-laser in Hamburg,,:flash,,/facility/accelerator-based-facility/photon-source/free-electron-laser/,electrons,photons,/facility-life-cycle/2.3_commissioning,2025,2035,:desy,true,/accelerator-application/science-application/accelerator-research,/accelerator-application/science-application/accelerator-research,,,photon-science.flash.flash2020+,user-facilities,,,,315,,,,,,,,,,,,true,,,,,,
:flashforward,02: in prereview,,,Zukunftsweisende Plasmabeschleuniger-Forschung und -Entwicklung bei FLASH,Future-Oriented Wakefield Accelerator Research and Developement at FLASH,FLASHForward,FLASHForward,"Testinfrastruktur für teilchenstrahlgetriebene Plasma-Wakefield-Beschleunigungsexperimente, die darauf abzielen, in einigen Zentimetern ionisiertem Wasserstoff Elektronenstrahlen mit Energien von mehr als 1,5 GeV und einer ausreichenden Qualität für den Betrieb eines Freie-Elektronen-Lasers zu erzeugen","Testinfrastruktur für teilchenstrahlgetriebene Plasma-Wakefield-Beschleunigungsexperimente, die darauf abzielen, in einigen Zentimetern ionisiertem Wasserstoff Elektronenstrahlen mit Energien von mehr als 1,5 GeV und einer ausreichenden Qualität für den Betrieb eines Freie-Elektronen-Lasers zu erzeugen",:fair,,,,electrons,photons,/facility-life-cycle/3.1_operation,2018,,:desy,false,/accelerator-application/science-application/accelerator-research,,,,accelerator-science.accelerators.flashforward,test-facilities,ultracompact.particle-beam-plasma-accelerator,,,,,,,,,,,,,,,false,,,,:desy/m/mpl,,
:franz,02: in prereview,,,Neutronenquelle Frankfurt,Frankfurt Neutron Source,FRANZ,FRANZ,"FRANZ ist eine protonenstrahlgetriebene Neutronenquelle an der Universität Frankfurt. Sie beschleunigt Protonen mit Wiederholraten von bis zu 250 kHz (100-ns-Pulse), mit einer Strahlenergie von etwa 2 MeV und einem Strahlstrom von 30 mA. Die ersten Neutronen aus FRANZ werden im Juli 2025 erwartet.","RFQ-IH-based high-current proton accelerator to produce a very intense neutron beam. FRANZ is a proton-beam-driven neutron source at the University of Frankfurt. It accelerates protons  at repetition rates up to 250 kHz (100 ns pulses), with a beam energy of around 2 MeV and a beam current of 30 mA. First neutrons from FRANZ are expected in July 2025.",,,,,protons,neutrons,/facility-life-cycle/2.2_construction,2025,,:uni-frankfurt,false,,,https://exp-astro.physik.uni-frankfurt.de/index.php?id=expFRANZ,,,,,,,,,,,,,,,,,,,false,,,,,,
:hbns,01: in preparation,,,Hochbrillante Neutronenquelle,High Brilliance Neutron Source,HBNS,HBNS,High Brilliance Neutron Source,High Brilliance Neutron Source,,,/accelerator/linear-accelerator/,/facility/accelerator-based-facility/neutron-source/compact-accelerator-based-neutron-source,protons,neutrons,/facility-life-cycle/1_design,,,:fz-juelich,false,/accelerator-application/science-application/matter-research/neutron-science,,,,neutron-science.hbns,user-facilities,materials.high-frequency-resonators,,,,,,,,,,,,,,,true,,,,,,
:hit,01: in preparation,,,Heidelberger Ionenstrahl-Therapiezentrum ,Heidelberg Ion Beam Therapy Centre ,,,Heidelberger Ionenstrahl-Therapiezentrum ,Heidelberger Ionenstrahl-Therapiezentrum ,,,,/facility/accelerator-based-facility/medical-facility/,,,/facility-life-cycle/3.1_operation,2009,,,false,/accelerator-application/medical-application/,,,,,user-facilities,,,,,,,,,,,,,,,,true,,,,,,
:hzdr-ibc,01: in preparation,,,Ionenstrahlzentrum ,Ion Beam Center ,IBC,IBC,,,,,,/accelerator-application/ion-beam-analysis,ions,,/facility-life-cycle/3.1_operation,,,:hzdr,false,,,,,ibc,,,,,,,,,,,,,,,,,false,,,,,,
:ilc,01: in preparation,,,Internationaler Linearbeschleuniger,International Linear Collider,ILC,ILC,,,,,,/accelerator/linear-accelerator/,"electrons, positrons",,/facility-life-cycle/1.2.2_technically-designed,2040,2060,,true,/accelerator-application/science-application/high-energy-physics,,,,particle-physics.ilc,user-facilities,"measurement-and-control.alignment,materials.high-frequency-resonators",,,31000000,,,0.0,,,,,,500.000,31.5,,true,,,,,,
:jeti,01: in preparation,,,Jena Titanium:sapphire 40 TW Laser,Jena Titanium:sapphire 40 TW Laser,(Laser) JETI,(Laser) JETI,,,,,,/facility/laser-facility,photons,,/facility-life-cycle/3.1_operation,,,,false,/accelerator-application/science-application/accelerator-research,,,,accelerator-science.lasers.jeti,test-facilities,"ultracompact.laser-plasma-accelerator,beam-modeling.ultra-short-pulses",,,,,,,,,,,,,,,false,,,,,,
:kaldera,01: in preparation,,,KALDERA,KALDERA,KALDERA,KALDERA,Laser for operating a laser plasma accelerator with ultra-fast laser pulses with peak powers of 100 terawatts and repetition rates of up to 1 kHz. Project start: 2020. ,Laser zum Betrieb eines Laser-Plasma-Beschleunigers mit ultraschnellen Laserpulsen mit Spitzenleistungen von 100 Terawatt und Wiederholraten bis zu 1 kHz. Projektstart: 2020. ,,,,/accelerator-component/laser,,,/facility-life-cycle/2.2_construction,,,:desy,false,/accelerator-application/science-application/accelerator-research,,,,accelerator-science.lasers.kaldera,,,,,,,,,,,,,,,,,false,,,,:desy/m/mpl,,
:kit-atp/kara,01: in preparation,,,Karlsruhe Research Accelerator KARA,Karlsruhe Research Accelerator KARA,KARA,KARA,"Der Karlsruhe Research Accelerator (KARA) ist ein Speicherring für Elektronenstrahlen im Energiebereich von 500 bis 2.500 MeV, der für die Beschleunigerforschung und als Quelle für intensive elektromagnetische Synchrotronstrahlung genutzt wird. ","The Karlsruhe Research Accelerator (KARA) is a storage ring for electron beams in the energy range of 500 to 2,500 MeV, used for accelerator research and as a source of intense electromagnetic synchrotron radiation. ",:kit-atp,,/accelerator/microtron/circular-microtron,/facility/accelerator-based-facility/photon-source/,electrons,photons,/facility-life-cycle/3.1_operation,2000,,:kit,false,/accelerator-application/science-application/accelerator-research,/accelerator-application/science-application/matter-research/photon-science,,,accelerator-science.prototypes.kara,test-facilities,"materials.sensor-materials,energy-supply.operation-optimization,energy-supply.networks-and-systems,beam-modeling.ultra-short-pulses,measurement-and-control.high-resolution-diagnostics,measurement-and-control.machine-learning",facility.energy-efficiency,,110,5E8,2.5E9,,,,,,,,,,false,,,,,,
:kit-atp,01: in preparation,,,KIT Accelerator Technology Platform,KIT Accelerator Technology Platform,KIT ATP,KIT ATP,,,,,,/facility/facility-complex/,,,/facility-life-cycle/3.1_operation,,,:kit,false,/accelerator-application/science-application/accelerator-research,,,,,,,,,,,,,,,,,,,,,false,,,,,,
:lux,01: in preparation,,,Plasma-Beschleuniger LUX ,LUX Plasma Accelerator,LUX,LUX,Testanlage für die Entwicklung von laserplasmagestützten Injektoren für Synchrotronlichtquellen,Test facility for the development of laser plasma-assisted injectors for synchrotron light sources,,,,,photons,electrons,/facility-life-cycle/3.1_operation,,,:desy,false,/accelerator-application/science-application/accelerator-research,,,,accelerator-science.accelerators.lux,,"ultracompact.laser-plasma-accelerator,measurement-and-control.machine-learning","facility.size,beam.particle-energy-spread",,,,4E8,,,,,,,,,,false,,,,:desy/m/mpl,,
:mami,01: in preparation,,,Mainzer Mikrotron,Mainzer Mikrotron,MAMI,MAMI,,,,,/accelerator/microtron,/accelerator/microtron,electrons,,/facility-life-cycle/3.1_operation,1979,,:uni-mainz,false,/accelerator-application/science-application/hadron-physics,/accelerator-application/science-application/accelerator-research,,,hadron-physics.mami,test-facilities,,,,,,,,,,,,,1.500,,,true,,,,,,
:kit-atp/mcf/lasmaglab,01: in preparation,,,LASMagLab,LASMagLab,,,"Messplatz nach neuestem Stand der Technik für normalleitende und permanente Beschleunigermagnete, der mehrere Techniken wie 3D-Hallsonden-Scans, Messungen mit gestrecktem Draht und Feldintegralmessungen mit rotierender Spule integriert. ","State-of-the-art measurement bench for normal conducting and permanent accelerator magnets that integrates multiple techniques such as 3D Hall probe scans, stretched wire and rotating coil field integral measurements. ",:kit-atp/mcf,,,/facility/,,,/facility-life-cycle/3.1_operation,,,:kit,false,/accelerator-application/science-application/accelerator-research,,,,accelerator-science.aux.mcf,,,,,,,,,,,,,,,,,false,,,,,,
:mesa,01: in preparation,,,Mainz Energy-Recovering Superconducting Accelerator,Mainz Energy-Recovering Superconducting Accelerator,MESA,MESA,,,,,,/accelerator/erl,electrons,,/facility-life-cycle/2.2_construction,2023,2030,:uni-mainz,false,/accelerator-application/science-application/hadron-physics,/accelerator-application/science-application/accelerator-research,https://www.mesa.uni-mainz.de/#teilchenbeschleuniger,,hadron-physics.mesa,user-facilities,"materials.high-frequency-resonators,energy-supply.erl",facility.energy-efficiency,,,,,,,,,,,0.155,,,true,,,,,,
:mit,01: in preparation,,,Marburger Ionenstrahl-Therapiezentrum ,Marburger Ionenstrahl-Therapiezentrum ,,,Marburger Ionenstrahl-Therapiezentrum ,Marburger Ionenstrahl-Therapiezentrum ,,,,,ions,,/facility-life-cycle/3.1_operation,2015,,,false,/accelerator-application/medical-application/,,,,,user-facilities,,,,,,,,,,,,,,,,true,,,,,,
:mls,01: in preparation,,,Metrology Light Source,Metrology Light Source,MLS,MLS,"Speicherring für Elektronen mit Energien zwischen 105 Millionen und 630 Millionen Elektronenvolt und einem Umfang von 48 Metern. Der MLS speichert Strahlungsintensitäten von einem einzelnen Elektron bis zu mehreren zehn Milliarden Elektronen, wobei die Intensität der emittierten Strahlung den entsprechenden Bereich abdeckt. Da die Eigenschaften der emittierten Strahlung nach ersten Prinzipien berechnet werden können, dient die MLS als „Standardkerze“ für die Kalibrierung anderer Quellen oder Spektrometer.","Storage ring for electrons with energies between 105 million and 630 million electronvolts and a circumference of 48 metres. The MLS stores beam intensities ranging from a single electron to tens of billions of electrons, with the intensity of the emitted radiation covering the corresponding range. Since the properties of the emitted radiation can be calculated from first principles, the MLS serves as a _standard candle_ for the calibration of other sources or spectrometers.",,,/accelerator/synchrotron/storage-ring/,/facility/accelerator-based-facility/photon-source/synchrotron-light-source,electrons,photons,/facility-life-cycle/3.1_operation,2008,,:hzb,false,/accelerator-application/metrology,,,,photon-science.mls,user-facilities,beam-modeling.ultra-short-pulses,,,,,,,,,,,,,,,true,,,,,,
:petra-3,01: in preparation,,,PETRA III,PETRA III,PETRA III,PETRA III,,,,,/accelerator/synchrotron/,/facility/accelerator-based-facility/photon-source/synchrotron-light-source/3rd-generation,electrons,photons,/facility-life-cycle/3.1_operation,2000,2025,:desy,true,/accelerator-application/science-application/matter-research/photon-science,,,,photon-science.petra.petra-iii,user-facilities,energy-supply.operation-optimization,,,2304,,,,,,,,,,,,true,,,,,,
:petra-4,01: in preparation,,,PETRA IV,PETRA IV,PETRA IV,PETRA IV,,,,:petra-3,/accelerator/synchrotron/,/facility/accelerator-based-facility/photon-source/synchrotron-light-source/4th-generation,electrons,photons,/facility-life-cycle/2.1_preparation,2027,2040,:desy,true,/accelerator-application/science-application/matter-research/photon-science,,,,photon-science.petra.petra-iv,user-facilities,"ultracompact.laser-plasma-injector,magnet-technology.undulators,cavity-technology.injectors,energy-supply.operation-optimization,energy-supply.networks-and-systems,beam-modeling.machine-learning",beam.emittance,250-300m Euro (HR2015),2304,,,,71.6m Euro (HR2015),,,,,,,,true,,,,,,
:phelix,02: in prereview,,,PW-class laser PHELIX with dedicated plasma accelerator,PW-class laser PHELIX with dedicated plasma accelerator,(LASER) PHELIX,(LASER) PHELIX,,,,,,/facility/laser-facility,photons,,/facility-life-cycle/3.1_operation,2008,,,false,/accelerator-application/science-application/accelerator-research,,,,accelerator-science.lasers.phelix,test-facilities,"ultracompact.laser-plasma-accelerator,beam-modeling.ultra-short-pulses",,,,,,,,,,,,,,,false,,,,,,
:plasmedx,02: in prereview,,,Plasmabasierte lasergetriebene Röntgenquelle für die medizinische Bildgebung ,Plasma-based laser-driven X-ray source for medical imaging ,PLASMED X,PLASMED X,,,,,,,electrons,photons,/facility-life-cycle/2.1_preparation,,,,false,/accelerator-application/medical-application/,,,,accelerator-science.lasers.kaldera,,,"user.availability,facility.size,facility.construction-cost",,,,,,,,,,,,,,true,,,,,,
:polaris,01: in preparation,,,Petawatt-Laserverstärker für strahlungsintensive Experimente,Petawatt Optical Laser Amplifier for Radiation Intensive ExperimentS,POLARIS,,,,,,,/facility/laser-facility,,,,,,,false,/accelerator-application/science-application/accelerator-research,,,,,,,,,,,,,,,,,,,,,false,,,,,,
:regae,02: in prereview,,,Relativistische Elektronenquelle für die Untersuchung von Atomen ,Relativistic Electron Gun for Atomic Exploration ,REGAE,REGAE,"Quelle für ultrakurze Elektronenpulse für die Beschleunigungsforschung sowie für Experimente zur zeitaufgelösten Beugung an Kristallen, Flüssigkeiten und Oberflächen. Das Akronym REGAE steht für _Relativistic Electron Gun for Atomic Exploration_.","Source of ultra-short electron pulses for accelerator research and time-resolved diffraction experiments on crystals, liquids and surfaces. The acronym REGAE stands for _Relativistic Electron Gun for Atomic Exploration_.",,,,/accelerator/linear-accelerator/,electrons,,/facility-life-cycle/3.1_operation,2011,,:desy,false,/accelerator-application/science-application/hadron-physics,,,,hadron-physics.ragae,user-facilities,"beam-modeling.ultra-short-pulses,beam-modeling.s2e-fel-simulation,measurement-and-control.high-precision-control",,,,,,,,,,,,,,,true,,,,,,
:s-dalinac,01: in preparation,,,Supraleitender Linearbeschleuniger in Darmstadt,Superconducting-DArmstadt-LINear-ACcelerator,S-DALINAC,S-DALINAC,"Supraleitender Elektronenbeschleuniger, der sowohl im Dauerstrich- als auch im Energierückgewinnungs-Modus betrieben werden kann. ","Supraleitender Elektronenbeschleuniger, der sowohl im Dauerstrich- als auch im Energierückgewinnungs-Modus betrieben werden kann. ",,,/accelerator/microtron,/accelerator/erl,electrons,,/facility-life-cycle/3.1_operation,1991,,:tu-darmstadt,false,/accelerator-application/science-application/accelerator-research,,,,accelerator-science.accelerators.s-dalinac,test-facilities,energy-supply.erl,,,,,,,,,,,,,,,false,,,,,,
:supralab,02: in prereview,,,"Testinfrastruktur für Beschleuniger, supraleitende Hochfrequenzsysteme und kryogene Anwendungen","Test infrastructure for accelerator devices, superconducting radio-frequency systems and cryogenic applications",Supralab,Supralab,Testinfrastruktur für supraleitende Hochfrequenzsysteme,Testinfrastruktur für supraleitende Hochfrequenzsysteme,,,,,,,/facility-life-cycle/3.1_operation,2017,,:hzb,false,/accelerator-application/science-application/accelerator-research,,,,accelerator-science.aux.supralab,test-facilities,materials.high-frequency-resonators,,,,,,,,,,,,,,,false,,,,,,
:uni-jena-ibc,01: in preparation,,,Ionenstrahlzentrum Uni Jena,Ion Beam Centre University of Jena,,,,,,,/accelerator/linear-accelerator/,/facility/accelerator-based-facility/ion-beam-facility,,,,,,:uni-jena,false,,,,,,,,,,,,,,,,,,,,,,false,,,,,,
:uptd,01: in preparation,,,Universitäts Protonen Therapie Dresden,University Proton Therapy Dresden,UPTD,UPTD,Universitäts-Protonen-Therapie Dresden,Universitäts-Protonen-Therapie Dresden,,,/accelerator/linear-accelerator/,/facility/accelerator-based-facility/medical-facility/beam-therapy/proton-beam-therapy,protons,,/facility-life-cycle/3.1_operation,2014,,,false,/accelerator-application/medical-application/,,,,,,,,,,,,,,,,,,,,,true,,,,,,
:wpe,02: in prereview,,,Westdeutsches Protonentherapiezentrum Essen,West German Proton Therapy Centre Essen,WPE,WPE,Westdeutsches Protonentherapiezentrum Essen,Westdeutsches Protonentherapiezentrum Essen,,,/accelerator/linear-accelerator/,/facility/accelerator-based-facility/medical-facility/beam-therapy/proton-beam-therapy,protons,,/facility-life-cycle/3.1_operation,2013,,,false,/accelerator-application/medical-application/,,,,,,,,,,,,,,,,,,,,,true,,,0E0,,,
:fair/esr/cryring,01: in preparation,,,CRYRING@ESR,CRYRING@ESR,CRYRING@ESR,CRYRING@ESR,,,:fair/esr,,/accelerator/synchrotron/storage-ring/,/accelerator/synchrotron/storage-ring/,protons,,/facility-life-cycle/2.2_construction,,,:fair,true,/accelerator-application/science-application/hadron-physics,,,,,,,,,,,,,,,,,,,,,true,,,,,,
:kit-atp/kara/01-microtron,01: in preparation,,,KARA-Mikrotron (1. Stufe des KARA-Beschleunigerkomplexes),KARA-Microtron (1st stage of the KARA accelerator complex),KARA-Mikrotron,KARA-Microtron,"Das Kara-Mikrotron ist der erste der beiden Vorbeschleuniger für den KARA-Speicherring, mit dem Elektronen aus einer Elektronenquelle von 0,093 MeV auf 53 MeV beschleunigt werden.",The first stage of pre-acceleration at KARA consists of a microtron that accelerates electrons from 0.093 MeV to 53 MeV.,:kit-atp/kara,,/accelerator/synchrotron/booster-synchrotron,/accelerator/microtron/circular-microtron,electrons,photons,/facility-life-cycle/3.1_operation,2000,,:kit,false,/accelerator-application/science-application/accelerator-research,/accelerator-application/science-application/matter-research/photon-science,,,accelerator-science.prototypes.kara,test-facilities,"materials.sensor-materials,energy-supply.operation-optimization,energy-supply.networks-and-systems,beam-modeling.ultra-short-pulses,measurement-and-control.high-resolution-diagnostics,measurement-and-control.machine-learning",facility.energy-efficiency,,,9.3E4,5.3E7,,,,,,,,,,false,,,,,,
:kit-atp/kara/02-booster-synchrotron,01: in preparation,,,KARA Booster-Synchrotron (2. Stufe des KARA-Beschleunigerkomplexes),KARA booster synchrotron (2nd stage of the KARA accelerator complex),KARA Booster Synchrotron,KARA booster synchrotron,"Der Karlsruhe Research Accelerator (KARA) ist ein Speicherring für Elektronenstrahlen im Energiebereich von 500 bis 2.500 MeV, der für die Beschleunigerforschung und als Quelle für intensive elektromagnetische Synchrotronstrahlung genutzt wird. ","The Karlsruhe Research Accelerator (KARA) is a storage ring for electron beams in the energy range of 500 to 2,500 MeV, used for accelerator research and as a source of intense electromagnetic synchrotron radiation. ",:kit-atp/kara,,/accelerator/synchrotron/storage-ring/,/accelerator/synchrotron/booster-synchrotron,electrons,photons,/facility-life-cycle/3.1_operation,2000,,:kit,false,/accelerator-application/science-application/accelerator-research,/accelerator-application/science-application/matter-research/photon-science,,,accelerator-science.prototypes.kara,test-facilities,"materials.sensor-materials,energy-supply.operation-optimization,energy-supply.networks-and-systems,beam-modeling.ultra-short-pulses,measurement-and-control.high-resolution-diagnostics,measurement-and-control.machine-learning",facility.energy-efficiency,,110,5.3E7,5E8,,,,,,,,,,false,,,,,,
:kit-atp/kara/03-storage-ring,01: in preparation,,,KARA-Speicherring (Endstufe des KARA-Beschleunigerkomplexes),Karlsruhe Research Accelerator KARA,KARA,KARA,"Der Karlsruhe Research Accelerator (KARA) ist ein Speicherring für Elektronenstrahlen im Energiebereich von 500 bis 2.500 MeV, der für die Beschleunigerforschung und als Quelle für intensive elektromagnetische Synchrotronstrahlung genutzt wird. ","The Karlsruhe Research Accelerator (KARA) is a storage ring for electron beams in the energy range of 500 to 2,500 MeV, used for accelerator research and as a source of intense electromagnetic synchrotron radiation. ",:kit-atp/kara,,,/accelerator/synchrotron/storage-ring/,electrons,photons,/facility-life-cycle/3.1_operation,2000,,:kit,false,/accelerator-application/science-application/accelerator-research,/accelerator-application/science-application/matter-research/photon-science,,,accelerator-science.prototypes.kara,test-facilities,"materials.sensor-materials,energy-supply.operation-optimization,energy-supply.networks-and-systems,beam-modeling.ultra-short-pulses,measurement-and-control.high-resolution-diagnostics,measurement-and-control.machine-learning",facility.energy-efficiency,,110,5E8,2.5E9,,,,,,,,,,false,,,,,,
:kit-atp/mcf,01: in preparation,,,Magnet Characterization Facilities,Magnet Characterization Facilities,MCF,MCF,"Das MCF umfasst Prüfstände für supraleitende, normalleitende und permanentmagnetische Systeme bei Raumtemperatur, in flüssigem Helium (LHe) und ohne Kryogen.","Das MCF umfasst Prüfstände für supraleitende, normalleitende und permanentmagnetische Systeme bei Raumtemperatur, in flüssigem Helium (LHe) und ohne Kryogen.",:kit-atp,,,/facility/,,,/facility-life-cycle/3.1_operation,,,:kit,false,/accelerator-application/science-application/accelerator-research,,,,accelerator-science.aux.mcf,,,,,,,,,,,,,,,,,false,,,,,,
:kit-atp/mcf/casper-1,01: in preparation,,,CASPER I,CASPER I,,,"Testanlage, in der Spulen mit maximalen Abmessungen von 35 cm Länge und 30 cm Durchmesser zu Testzwecken in flüssiges Helium getaucht werden können (Quench-Tests und lokale Feldmessungen)",Test facility where coils with maximum dimensions of 35 cm length and 30 cm diameter can be immersed in liquid helium for testing (quench tests and local field measurements),:kit-atp/mcf,,,/facility/,,,/facility-life-cycle/3.1_operation,,,:kit,false,/accelerator-application/science-application/accelerator-research,,,,accelerator-science.aux.mcf,,,,,,,,,,,,,,,,,false,,,,,,
:kit-atp/mcf/casper-2,01: in preparation,,,CASPER II,CASPER II,,,"Horizontaler, kryogenfreier Prüfstand für die Qualitätszertifizierung von neuen supraleitenden Systemen und Einschubgeräten bis zu 2 Metern Länge. ","Horizontal, cryogen-free test stand  for quality certification of new superconducting systems and insertion devices up to 2 metres in length. ",:kit-atp/mcf,,,/facility/,,,/facility-life-cycle/3.1_operation,,,:kit,false,/accelerator-application/science-application/accelerator-research,,,,accelerator-science.aux.mcf,,,,,,,,,,,,,,,,,false,,,,,,
:bessy-2/01-electron-gun,01: in preparation,,,BESSY-II Elektronenquelle (1. Stufe des BESSY-II-Beschleunigerkomplexes),BESSY-II electron gun (1st stage of the BESSY-II accelerator complex),BESSY-II Elektronenquelle,BESSY-II electron gun,Synchrotron-Strahlungsquelle der dritten Generation für weiche Röntgenstrahlung,Synchrotron-Strahlungsquelle der dritten Generation für weiche Röntgenstrahlung,:bessy-2,,,/accelerator/linear-accelerator/,electrons,,/facility-life-cycle/3.1_operation,1998,,:hzb,true,/accelerator-application/science-application/matter-research/photon-science,,,,photon-science.bessy.bessy-ii,user-facilities,"energy-supply.operation-optimization,beam-modeling.machine-learning,measurement-and-control.machine-learning",,,0,,,,,,,20000.0,,,,,true,,,,,,
:bessy-2/02b-linac,01: in preparation,,,BESSY-II-Linac (2. Stufe des BESSY-II-Beschleunigerkomplexes),BESSY-II linac (2nd stage of the BESSY-II accelerator complex),BESSY-II-Linac,BESSY-II linac,Synchrotron-Strahlungsquelle der dritten Generation für weiche Röntgenstrahlung,Synchrotron-Strahlungsquelle der dritten Generation für weiche Röntgenstrahlung,:bessy-2,,,/accelerator/linear-accelerator/,electrons,,/facility-life-cycle/3.1_operation,1998,,:hzb,true,/accelerator-application/science-application/matter-research/photon-science,,,,photon-science.bessy.bessy-ii,user-facilities,"energy-supply.operation-optimization,beam-modeling.machine-learning,measurement-and-control.machine-learning",,,0.24,,,,,,,20000.0,,,,,true,,,,,,
:bessy-2/02a-racetrack-microtron,01: in preparation,,,BESSY-II Microtron (2. Stufe des BESSY-II-Beschleunigerkomplexes),BESSY-II microtron (2nd stage of the BESSY-II accelerator complex),BESSY-II Microtron,BESSY-II microtron,Synchrotron-Strahlungsquelle der dritten Generation für weiche Röntgenstrahlung,Synchrotron-Strahlungsquelle der dritten Generation für weiche Röntgenstrahlung,:bessy-2,:bessy-2/02a-racetrack-microtron,,/accelerator/microtron/racetrack-microtron,electrons,,/facility-life-cycle/3.1_operation,1998,,:hzb,true,/accelerator-application/science-application/matter-research/photon-science,,,,photon-science.bessy.bessy-ii,user-facilities,"energy-supply.operation-optimization,beam-modeling.machine-learning,measurement-and-control.machine-learning",,,0.24,,,,,,,20000.0,,,,,true,,,,,,
:bessy-2/03-booster-synchrotron,01: in preparation,,,BESSY-II-Booster-Synchrotron (3. Stufe des BESSY-II-Beschleunigerkomplexes),BESSY-II booster synchrotron (3rd stage of the BESSY-II accelerator complex),BESSY-II-Booster-Synchrotron,BESSY-II booster synchrotron,Synchrotron-Strahlungsquelle der dritten Generation für weiche Röntgenstrahlung,Synchrotron-Strahlungsquelle der dritten Generation für weiche Röntgenstrahlung,:bessy-2,,,/accelerator/synchrotron/booster-synchrotron,electrons,,/facility-life-cycle/3.1_operation,1998,,:hzb,true,/accelerator-application/science-application/matter-research/photon-science,,,,photon-science.bessy.bessy-ii,user-facilities,"energy-supply.operation-optimization,beam-modeling.machine-learning,measurement-and-control.machine-learning",,,0.24,,,,,,,20000.0,,,,,true,,,,,,
:bessy-2/04-storage-ring,01: in preparation,,,BESSY-II-Speicherring (Endstufe des BESSY-II-Beschleunigerkomplexes),BESSY-II storage ring (final stage of the BESSY-II accelerator complex),BESSY-II-Speicherring,BESSY-II storage ring,"Speicherring für Elektronen in einem Energiebereich von 0,9 bis 1,9 Milliarden Elektronenvolt und einem Umfang von 240 Meter.",Storage ring for electrons in an energy range of 0.9 to 1.9 billion electron volts and a circumference of 240 metres.,:bessy-2,,,/accelerator/synchrotron/storage-ring/,electrons,photons,/facility-life-cycle/3.1_operation,1998,,:hzb,true,/accelerator-application/science-application/matter-research/photon-science,,,,photon-science.bessy.bessy-ii,user-facilities,"energy-supply.operation-optimization,beam-modeling.machine-learning,measurement-and-control.machine-learning",,,240,,1.7E9,,,,,20000.0,,,,,true,,,,,,
:cac/awake__run-2,01: in preparation,,,Fortgeschrittenes plasmabasiertes protonengetriebenes Beschleuningungsexperiment ,Advanced proton driven plasma Wakefield Acceleration Experiment ,AWAKE,AWAKE,"Machbarkeitsstudie über die Verwendung von Plasma-Wakefields, die von einem Protonenstrahl angetrieben werden, um geladene Teilchen zu beschleunigen.",Feasibility study on the use of plasma wakefields driven by a proton beam to accelerate charged particles.,:cac,:cac/awake__run-1,,/accelerating-process/plasma-based-acceleration/plasma-based_beam-driven_acceleration,protons,electrons,/facility-life-cycle/3.1_operation,2021,,:cern,false,/accelerator-application/science-application/accelerator-research,,https://home.cern/science/accelerators/awake,,accelerator-science.accelerators.awake,test-facilities,"materials.high-frequency-resonators,materials.sensor-materials,ultracompact.particle-beam-plasma-accelerator,beam-modeling.ultra-short-pulses",facility.size,,,,,,,,,,,,,,false,,,,,,
:bessy-2plus,01: in preparation,,,Berliner Elektronenspeicherring für Synchrotronstrahlung II,Berlin electron storage ring for synchrotron radiation II,BESSY II+,BESSY II+,,"The modernization scope for the accelerator complex will not only cover general preservation and modernization measures, e.g., the replacement of the uninterruptible power supply, the timing and synchronization systems, or old magnet power supplies but also includes technology development towards BESSY III. A project already advanced is the development of an active normal conducting 1.5 GHz higher harmonic cavity (HHC) with HOM damper within a European collaboration between ALBA, DESY, and HZB. The prototype, designed and purchased by ALBA and RF tested at HZB, is installed in the BESSY II storage ring [7]. Since autumn 2022 it is tested with beam and conditioned for user operation. Based on this experience, a new HHC system will be developed for BESSY II also including the option for a 1.75 GHz cavity system to generate a beating in the bunch focusing, allowing for simultaneously storing of short and long bunches. This development will lay the foundation for the respective RF systems for the next-generation light source BESSY III. Another important work package is the development of a BESSY II & BESSY III digital twin as a natural interface for the efficient implementation of digitalization measures [8,9]. This framework and methods are mandatory for the startup, commissioning, and efficient operation of BESSY III and are utilized already for the design process, e.g., in order to check for lattice robustness and develop simulated commissioning. The work package Permanent Magnets for Energy Efficiency within the BESSY II+ is mainly motivated by BESSY III. In order to improve sustainability and to reduce the power consumption of BESSY III, it is discussed to replace the wellestablished classical iron yoke electromagnet technology with permanent magnets wherever possible, i.e., at dipoles and quadrupoles. Therefore conceptional designs, prototyping, and testing under real operating conditions are necessary. Within BESSY II+, it is foreseen to replace a very powerhungry bending electromagnet in the transferline between booster and storage ring with a permanent magnet solution to gain experience and know-how [10]. Since the PTB has special requirements on the bending radiation source for metrology purposes, it is also discussed to replace two main bends of one double-bend-achromat section with permanent magnets.",,:bessy-2,/accelerator/synchrotron/booster-synchrotron,/facility/accelerator-based-facility/photon-source/synchrotron-light-source/3rd-generation,electrons,photons,/facility-life-cycle/3.1_operation,2028,2035,:hzb,true,/accelerator-application/science-application/matter-research/photon-science,,,,photon-science.bessy.bessy-ii,user-facilities,"energy-supply.operation-optimization,beam-modeling.machine-learning,measurement-and-control.machine-learning",,,240,,,,,,,20000.0,,,,,true,1E-10,10.1140/epjp/s13360-023-03957-8,2E3,,,
:lux/agnus,01: in preparation,,,Titan-Saphir-Laser ANGUS,Titanium-sapphire laser ANGUS,ANGUS,ANGUS,"Titan-Saphir-Lasersystem, das Lichtpulse mit einer Energie von bis zu 5 Joule und einer Dauer von etwa 30 Femtosekunden liefert",Titanium-sapphire laser system delivering pulses of up to 5 joules of energy with a pulse duration of about 30 femtoseconds,:lux,,,/accelerator-component/laser,photons,electrons,/facility-life-cycle/3.1_operation,,,:desy,false,/accelerator-application/science-application/accelerator-research,,,,accelerator-science.accelerators.lux,,"ultracompact.laser-plasma-accelerator,measurement-and-control.machine-learning","facility.size,beam.particle-energy-spread",,,,,,,,,,,,,,false,,,,:desy/m/mpl,,
:juSPARC/mira,01: in preparation,,,JuSPARC VEGA,JuSPARC VEGA,,,,,:juSPARC,,,/facility/laser-facility,photons,,/facility-life-cycle/3.1_operation,2019,,:fz-juelich,false,,,,,,,,,,,,,,,,,,,,,,false,,buscher_etal__2020__jusparc_julich_shortpulsed,,,,
