id,review.status,review.reviewer,review.log,hasParent,term.de,term.en,synonyms.de,synonyms.en,definition.de,definition.en,isDomainSpecific,references
/accelerating-process/,01: in preparation,,,,Beschleunigungsprozess,Acceleration Process,,,Elektrisch geladene Teilchen können durch verschiedene elektromagnetische Prozesse beschleunigt werden.,Electrically charged particles can be accelerated via various electromagnetic processes. ,true,
/accelerating-process/induction-acceleration/,01: in preparation,,,/accelerating-process/,Induktionsbeschleunigung,Induction Acceleration,,,"Die Induktionsbeschleunigung ist eine Methode zur Beschleunigung geladener Teilchen mit Hilfe zeitlich veränderlicher Magnetfelder, wobei die beschleunigenden elektrischen Felder durch wechselnde Magnetflüsse erzeugt werden. Dieses Prinzip wird in der Regel in Induktionsbeschleunigern angewandt, die entweder linear oder kreisförmig aufgebaut sein können.","Induction acceleration refers to a method of accelerating charged particles using time-varying magnetic fields, where the accelerating electric fields are generated by changing magnetic fluxes. This principle is commonly employed in induction accelerators, which can be either linear or circular in design.",true,
/accelerating-process/electrodynamic-acceleration/cavity-based-acceleration/,01: in preparation,,,/accelerating-process/electrodynamic-acceleration/,Resonator-basierte Beschleunigung,Resonator-Based Acceleration,,,"Bei der hohlraumbasierten Beschleunigung werden Metallkammern verwendet, in denen dynamische elektromagnetische Felder Energie auf Teilchen übertragen, die den Hohlraum durchqueren.",Cavity Based Acceleration uses metallic chambers containing dynamic electromagnetic fields to transfer energy to particles passing through the cavity.,true,
/accelerating-process/electrodynamic-acceleration/cavity-based-acceleration/cavity-based_radiofrequency-driven_acceleration/,01: in preparation,,,/accelerating-process/electrodynamic-acceleration/cavity-based-acceleration/,Hochfrequenz-Rresonator-basierte  Beschleunigung,Radio Frequency Resonator Based Acceleration,,,,,true,
/accelerating-process/electrodynamic-acceleration/cavity-based-acceleration/cavity-based_radiofrequency-driven_acceleration/superconducting-cavity-based-acceleration/cavity-based_radiofrequency-driven_acceleration,01: in preparation,,,/accelerating-process/electrodynamic-acceleration/cavity-based-acceleration/cavity-based_radiofrequency-driven_acceleration/,supraleitende Hochfrequenz-Rresonator-basierte Beschleunigung,Superconducting Radio Frequency Resonator Based Acceleration,,,,,true,
/accelerating-process/electrodynamic-acceleration/cavity-based-acceleration/cavity-based_terahertz-driven_acceleration,01: in preparation,,,/accelerating-process/electrodynamic-acceleration/cavity-based-acceleration/,Terahertz-Resonator-basierte Beschleunigung,Terahertz Frequency Resonator Based Acceleration,,,,,true,
/accelerating-process/electrodynamic-acceleration/nanophotonic-acceleration,01: in preparation,,,/accelerating-process/electrodynamic-acceleration/,nanophotonische Beschleunigung,Nanophotonic Acceleration,,,"Nanophotonische Beschleunigung, auch dielektrische Laserbeschleunigung (DLA) genannt, beruht auf der Verwendung ultrakurzer Laserpulse zur Anregung starker dynamischer elektromagnetischer Felder in siliziumbasierten Nanostrukturen. Diese starken Felder können dann Teilchen beschleunigen, die durch die Strukturen hindurchfliegen.","Nanophotonic acceleration, also known as dielectric laser acceleration (DLA), is based on the use of ultrashort laser pulses to excite strong dynamic electromagnetic fields in silicon-based nanostructures. These strong fields can then accelerate particles that fly through the structures.",true,
/accelerating-process/electrostatic-acceleration,01: in preparation,,,/accelerating-process/,Elektrostatische Beschleunigung,Electrostatic Acceleration,,,"Geladene Teilchen werden beschleunigt, wenn zwischen einem Elektrodenpaar ein statisches Hochspannungspotenzial herrscht. Dieses Prinzip wird von [elektrostatischen Beschleunigern](#/accelerator/electrostatic-accelerator/) genutzt.",Charged particles are accelerated when there is a static high voltage potential between a pair of electrodes. This process is utilized by [electrostatic accelerators](#/accelerator/electrostatic-accelerator/).,true,
/accelerating-process/plasma-based-acceleration/,01: in preparation,,,/accelerating-process/,Plasmabasierte Beschleunigung,Plasma-Based Acceleration,,,"In Plasmen, ionisierten Gasen aus geladenen Teilchen, können extrem starke elektrische Felder erzeugt werden, wenn sie durch äußere Antriebskräfte wie Laserpulse oder Teilchenstrahlen gestört werden. Diese Felder können genutzt werden, um Teilchen auf hohe Energien zu beschleunigen.","Inside plasmas, ionised gases of charged particles, extremely strong electric fields can be generated when perturbed by external driving forces such as laser pulses or particle beams. These fields can be used to accelerate particles to high energies.",true,
/accelerating-process/plasma-based-acceleration/plasma-based_beam-driven_acceleration,01: in preparation,,,/accelerating-process/plasma-based-acceleration/,plasmabasierte teilchenstrahlgetriebene Beschleunigung,Plasma-Based Beam-Driven Acceleration,"Plasma wakefield acceleration, PWFA","Plasma wakefield acceleration, PWFA","Plasmabasierte Beschleunigung unter Verwendung eines externen Teilchenstrahls als störende Antriebskraft,","Plasma-based acceleration using an external particle beam as the perturbative driving force,",true,
/accelerating-process/plasma-based-acceleration/plasma-based_laser-driven_acceleration,01: in preparation,,,/accelerating-process/plasma-based-acceleration/,plasmabasierte lasergetriebene Beschleunigung,Plasma-Based Laser-Driven Acceleration,Laser-Plasma-Beschleuniger,"Laser wakefield acceleration, LWFA","Plasmabasierte Beschleunigung unter Verwendung eines Laserpulses als störende Antriebskraft,","Plasma-based acceleration using a laser pulse as a perturbing driving force,",true,
/accelerator-application/,01: in preparation,,,,Einsatzbereich von Beschleunigern,Accelerator Applications,,,,,true,
/accelerator-application/industrial-application/,01: in preparation,,,/accelerator-application/,Industrie,Industrial Applications,,,,,true,
/accelerator-application/industrial-application/manufacturing,01: in preparation,,,/accelerator-application/industrial-application/,Produktion und Materialbearbeitung,Manufacturing And Materials Processing,,,"Die Ionenimplantation ist in der Halbleiterindustrie für die Herstellung von digitaler Elektronik von entscheidender Bedeutung. Die Ionenimplantation wird auch zur Härtung von Schneidwerkzeugen und künstlichen menschlichen Gelenken sowie zur Veränderung der Oberflächen von Keramiken und Gläsern eingesetzt. Von Beschleunigern erzeugte Elektronenstrahlen werden für die Vernetzung und Polymerisation von Materialien, die Aushärtung von Tinten und Klebstoffen und den 3D-Druck von Metallen eingesetzt.","Ion Implantation is critical in the semiconductor industry for the fabrication of digital electronics. Ion implantation is also used to harden cutting tools and artificial human joints, and to modify the surfaces of ceramics and glasses. Accelerator-generated electron beams are used for cross-linking and polymerisation of materials, curing of inks and adhesives, and 3D printing of metals.",true,
/accelerator-application/industrial-application/quality-control,01: in preparation,,,/accelerator-application/industrial-application/,Qualitätssicherung,Quality Control,,,,,true,
/accelerator-application/industrial-application/sterilization,01: in preparation,,,/accelerator-application/industrial-application/,Sterilisation,Sterilization,,,"Beschleunigererzeugte Elektronen- und Röntgenstrahlen werden zur Sterilisierung medizinischer Geräte, zur Konservierung und Desinfektion von Lebensmitteln sowie zur Behandlung und Reinigung von Abwässern eingesetzt.","Accelerator-generated electron beams and X-rays are used to sterilise medical equipment, preserve and disinfect food, and treat and purify waste water.",true,
/accelerator-application/industrial-application/transmutation,01: in preparation,,,/accelerator-application/industrial-application/,Transmutation,Transmutation,,,,,true,
/accelerator-application/ion-beam-analysis,01: in preparation,,,/accelerator-application/industrial-application/,Ionenstrahlanalyse,Ion Beam Analysis,,,,,true,
/accelerator-application/medical-application/,01: in preparation,,,/accelerator-application/,Gesundheit ,Health Application,,,,,true,
/accelerator-application/medical-application/proton-therapy,01: in preparation,,,/accelerator-application/medical-application/,Protonentherapie,Proton Therapy,,,Eine medizinische Anwendung von Beschleunigertechnologie,,true,
/accelerator-application/medical-application/radiosotope-production,01: in preparation,,,/accelerator-application/medical-application/,Radioisotopen-Produktion,Radiosotope Production,,,,,true,
/accelerator-application/metrology,01: in preparation,,,/accelerator-application/,Metrologie,Metrology,,,Grundlagen der Metrologie/Radiometrie Metrologie für die Industrie/EUV-Lithographie Forschung und Entwicklung für optische Technologien/Weltrauminstrumente Materialmetrologie/Nanometrologie,,true,
/accelerator-application/science-application/,01: in preparation,,,/accelerator-application/,Forschung,Science,,,,,true,
/accelerator-application/science-application/accelerator-research,01: in preparation,,,/accelerator-application/science-application/,Beschleunigerforschung,Accelerator Science,,,,,true,
/accelerator-application/science-application/hadron-physics,01: in preparation,,,/accelerator-application/science-application/,Hadronen- und Kernphysik,Hadron And Nuclear Physics,,,,,true,
/accelerator-application/science-application/high-energy-physics,01: in preparation,,,/accelerator-application/science-application/,Teilchenphysik,High Energy Physics,,,,,true,
/accelerator-application/science-application/matter-research/neutron-science,01: in preparation,,,/accelerator-application/science-application/,Materieforschung mit Neutronen,Matter Research With Neutrons,,,Nutzung von Neutronen zur Materieforschung,,true,
/accelerator-application/science-application/matter-research/photon-science,01: in preparation,,,/accelerator-application/science-application/,Materieforschung mit Photonen,Matter Research With Photons,,,,,true,
/accelerator-application/security,01: in preparation,,,/accelerator-application/,Sicherheit,Security Applications,,,,,true,
/accelerator-research-subfield/,01: in preparation,,,,Beschleunigerforschung,Accelerator Research Subdomain,,,Als transdisziplinäres Gebiet mit natur- und ingenieurwissenschaftlichen Bezügen läßt sich die Beschleunigerforschung selbst in (sich teilweise überschneidende) Teilbereiche gliedern.,"As a transdisciplinary field with scientific and engineering aspects, accelerator research itself can be organised into (partially overlapping) subfields.",true,
/accelerator-research-subfield/beam-dynamics,01: in preparation,,,/accelerator-research-subfield/,Strahldynamik,Beam Dynamics,,,"Die Strahldynamik befasst sich mit dem Verständnis und der Kontrolle des Verhaltens von Teilchenstrahlen in Beschleunigern. Dazu gehören die Untersuchung von Teilchenbewegungen und -flugbahnen, die Entwicklung von Techniken zur Strahlfokussierung und -lenkung sowie die Analyse von Strahlinstabilitäten und deren Eindämmung.","Beam dynamics focuses on understanding and controlling the behaviour of particle beams in accelerators. This includes the study of particle motion and trajectories, the development of beam focusing and steering techniques, and the analysis of beam instabilities and their mitigation.",true,
/accelerator-research-subfield/cryogenic-engineering,01: in preparation,,,/accelerator-research-subfield/,Kältetechnik,Cryogenic Engineering,,,"Kältetechnik befasst sich mit Temperaturen um -160 °C und darunter, bei denen Gase eine flüssige Form annehmen und als „kryogen“ bezeichnet werden. Sie befasst sich mit der Verflüssigung von Gasen wie Stickstoff, ihrer Lagerung und ihrer Lieferung an den Ort der Verwendung. In der Beschleunigerforschung spielt die Kältetechnik eine entscheidende Rolle für den Betrieb von Beschleunigern mit supraleitenden Komponenten.","Cryogenic engineering focuses on temperatures around -160°C and below, where gases take on a liquid form and are referred to as ""cryogenic"". It involves the study of the liquefaction of gases such as nitrogen, their storage and their delivery to the point of use. In accelerator research, cryogenics plays a vital role in the operation of accelerators with superconducting components.",true,
/accelerator-research-subfield/geodesy-and-alignment,01: in preparation,,,/accelerator-research-subfield/,Vermessung und Justierung,Geodesy And Alignment,,,"Vermessung und Justierung spielen eine entscheidende Rolle beim Erreichen der extremen Präzision, die für moderne Teilchenbeschleuniger erforderlich ist, und wirken sich direkt auf  Strahlqualität und  Versuchsergebnisse aus. Die Vermessung definiert die Koordinatenreferenzsysteme, zu denen alle Komponenten positioniert werden. Die relative Justierung erfordert oft eine Genauigkeit im Submillimeterbereich über große Entfernungen und jahrelange Betriebsdauer.","Geodesy and alignment play a critical role in achieving the extreme precision required for modern particle accelerators, directly affecting beam quality and experimental results. Geodesy defines the coordinate reference systems to which all components are positioned. Relative alignment often requires sub-millimetre accuracy over long distances and years of operation.",true,
/accelerator-research-subfield/instrumentation-and-diagnostics,01: in preparation,,,/accelerator-research-subfield/,Strahldiagnose und Instrumentierung,Beam Diagnostics And Instrumentation,,,,,true,
/accelerator-research-subfield/magnet-technology,01: in preparation,,,/accelerator-research-subfield/,Magnetentwicklung und -optimierung,Magnet Development And Optimization,,,,,true,
/accelerator-research-subfield/operations-and-control,01: in preparation,,,/accelerator-research-subfield/,Beschleunigerbetrieb und -kontrolle,Accelerator Operation And Control,,,"Der Bereich Beschleunigerbetrieb und -steuerung umfasst die Entwicklung von Steuerungssystemen für den Beschleunigerbetrieb, die Verbesserung der Zuverlässigkeit und Effizienz von Beschleunigern und die Anwendung von Techniken des maschinellen Lernens zur Optimierung von Beschleunigern.","Accelerator operations and control includes developing control systems for accelerator operations, improving accelerator reliability and efficiency, and implementing machine learning techniques for accelerator optimization.",true,
/accelerator-research-subfield/simulation,01: in preparation,,,/accelerator-research-subfield/,Modellierung und Simulation,Modeling And Simulation,,,,,true,
/accelerator-research-subfield/vacuum-technology,01: in preparation,,,/accelerator-research-subfield/,Vakuumtechnik,Vacuum Technology,,,,,true,
/accelerator-component/,01: in preparation,,,,Beschleunigerkomponente,Accelerator Component,,,,,true,
/accelerator-component/beam-monitor/,01: in preparation,,,/accelerator-component/,Strahlmonitor,Beam Monitoring,,,"Strahlmonitore sind wichtige Diagnoseinstrumente, die in Teilchenbeschleunigern eingesetzt werden, um das Verständnis und die Optimierung von Teilchenstrahlen zu gewährleisten. Je nachdem, ob die Position, die Energie oder die Intensität von Teilchenstrahlen oder das Quer- oder Längsprofil von Teilchenpaketen gemessen werden soll, kommen verschiedene Arten von Instrumenten zum Einsatz.","Beam monitors are essential diagnostic instruments used in particle accelerators to ensure understanding and optimisation of particle beams. Different types of instruments are employed depending on whether the position, energy or intensity of particle beams, or the transverse or longitudinal profile of particle bunches are to be measured.",true,
/accelerator-component/beam-monitor/energy-monitor,01: in preparation,,,/accelerator-component/beam-monitor/,Strahl Energie Monitor,Beam Energy Monitor,,,,,true,
/accelerator-component/beam-monitor/halo-monitor,01: in preparation,,,/accelerator-component/beam-monitor/,Strahl-Halogen-Monitor,Beam Halo Monitor,,,,,true,
/accelerator-component/collimator,01: in preparation,,,/accelerator-component/,Kollimator,Collimator,,,,,true,
/accelerator-component/laser,01: in preparation,,,/accelerator-component/,Laser,Laser,,,,,true,
/accelerator-component/magnet,01: in preparation,,,/accelerator-component/,Magnet,Magnet,,,Magnete erfüllen in Teilchenbeschleunigern wichtige Funktionen. Dipolmagnete lenken die Flugbahn geladeneer Teilcehn ab und ermöglichen ringförmige Anlagen sowie die Extraktion von Teilchen. Quadrupolmagnete dienen der Fokussierung der Teilchenstrahlen. Sextupolmagnete und weitere Korrekturmagnete dienen der Feinanpassung.,,true,
/accelerator-component/magnet/dipole-magnet,01: in preparation,,,/accelerator-component/magnet,Dipolmagnet,Dipole Magnet,,,Dipolmagnete erzeugen ein homogenes Magnetfeld zur Strahlablenkung. as Magnetfeld muss präzise an die Art der Teilchen und deren Geschwindigkeit angepasst werden,,true,
/accelerator-component/magnet/kicker-magnet,01: in preparation,,,/accelerator-component/magnet,Kicker-Magnet,Kicker Magnet,,,"Ein Kickermagnet ist ein spezialisierter Elektromagnet, der in Teilchenbeschleunigern verwendet wird, um Teilchenstrahlen schnell abzulenken oder umzuleiten. Sie erzeugen kurze, rechteckige Magnetfeldpulse mit sehr schnellen Anstiegs- und Abfallzeiten (typischerweise 10-100 Nanosekunden). Dadurch lassen sich einzelne Teilchenopakete in einen Teilchenstrahl einbringen oder aus ihm extrahieren. Kickermagnete spielen eine entscheidende Rolle bei der präzisen Kontrolle und Manipulation von Teilchenstrahlen in modernen Beschleunigeranlage",,true,
/accelerator-component/magnet/quadrupole-magnet,01: in preparation,,,/accelerator-component/magnet,Quadrupol-Magnet,Quadrupole Magnet,,,"Ein Quadrupolmagnet ist eine spezielle Anordnung von vier Magnetpolen, die in Teilchenbeschleunigern und Strahlführungen zur Fokussierung von Teilchenstrahlen eingesetzt wird.  Er fokussiert den Strahl in einer Richtung (z. B. horizontal) und defokussiert ihn in der dazu senkrechten. Um eine Gesamtfokussierung zu erreichen, werden mehrere Quadrupole hintereinander angeordnet (FODO-Struktur).",,true,
/accelerator-component/magnet/sextupole-magnet,01: in preparation,,,/accelerator-component/magnet,Sextupol-Magnet,Sextupole Magnet,,,"Ein Sextupolmagnet besteht aus sechs Magnetpolen, die abwechselnd als Nord- und Südpol um eine Mittelachse angeordnet sind. Sie werden oft in Kombination mit Quadrupolmagneten verwendet, um Fokussierungsfehler, die durch Energieunterschiede der Teilchen entstehen, auszugleichen (chromatische Abberation).",,true,
/accelerator-component/power-converters,01: in preparation,,,/accelerator-component/,Stromwandler,Power Converter,,,,,true,
/accelerator/,01: in preparation,,,,Beschleuniger,Accelerator,,,,,true,
/accelerator/accelerator-complex,01: in preparation,,,/accelerator/,Beschleunigerkomplex,Accelerator Complex,,,,,true,
/accelerator/cyclotron,01: in preparation,,,/accelerator/,Zyklotron,Cyclotron,,,,,true,
/accelerator/cyclotron/sector-cyclotron,01: in preparation,,,/accelerator/,Sektor-Zyklotron,Sector Cyclotron,,,,,true,
/accelerator/electrostatic-accelerator/,01: in preparation,,,/accelerator/,Elektrostatischer Beschleuniger,Electrostatic Accelerator,,,,,true,
/accelerator/electrostatic-accelerator/cockcroft-walton-accelerator,01: in preparation,,,/accelerator/electrostatic-accelerator/,Cockcroft-Walton-Beschleuniger,Cockcroft-Walton Accelerator,,,,,true,
/accelerator/electrostatic-accelerator/dynamitron-accelerator,01: in preparation,,,/accelerator/electrostatic-accelerator/,Dynamitron-Beschleuniger,Dynamitron Accelerator,,,,,true,
/accelerator/electrostatic-accelerator/pelletron-accelerator,01: in preparation,,,/accelerator/electrostatic-accelerator/,Pelletron-Beschleuniger,Pelletron Accelerator,,,,,true,
/accelerator/electrostatic-accelerator/tandem-van-de-graaff-accelerator,01: in preparation,,,/accelerator/electrostatic-accelerator/,Tandem Van de Graaff Beschleuniger,Tandem Van De Graaff Accelerator,,,,,true,
/accelerator/electrostatic-accelerator/van-de-graaff-accelerator,01: in preparation,,,/accelerator/electrostatic-accelerator/,Van-de-Graaff-Beschleuniger,Van De Graaff Accelerator,,,,,true,
/accelerator/microtron,01: in preparation,,,/accelerator/,Mikrotron,Microtron,,,"Beschleuniger für vor allem Elektronen, bei dem die Teilchen wiederholt durch dieselbe Beschleunigungskomponente (in der Regel ein Mikrowellenresonator) beschleunigt werden. Die Wiederverwendung der Beschleunigungskomponente wird durch ein konstantes Magnetfeld ermöglicht, das die Teilchen auf einer geschlossenen Bahn hält. Mit zunehmender Teilchenenergie nimmt auch die Größe der Bahn zu. Die erreichbaren Energien sind daher durch die Größe des Geräts und die Magnetstärke begrenzt.","Accelerator, primarily for electrons, in which the particles are repeatedly accelerated by the same acceleration component (usually a microwave resonator). The reuse of the acceleration component is made possible by a constant magnetic field, which keeps the particles on a closed path. As the particle energy increases, the size of the path also increases. The achievable energies are therefore limited by the size of the device and the magnetic strength.",true,
/accelerator/linear-accelerator/,01: in preparation,,,/accelerator/,Linearbeschleuniger,Linear Accelerator,Linac,linac,,,true,
/accelerator/linac/high-power-proton-linac,01: in preparation,,,/accelerator/linear-accelerator/,Hochleistungs-Protonen-Linac,High Power Proton Linac,,,,,true,
/accelerator/particle-decelerator,01: in preparation,,,/accelerator/,Teilchenverlangsamer,Particle Decelerator,,,"Ein Teilchenverlangsamer ist eine Art von Teilchenbeschleuniger, der Teilchen abbremst, anstatt sie zu schneller zu machen. Der Hauptzweck von Teilchenverzögerern besteht darin, Teilchen mit sehr niedriger Energie für präzise Messungen und Studien zu erzeugen, insbesondere in der Antimaterieforschung. Dies ermöglicht physikalische Grundlagenforschung, CPT-Symmetrietests und potenzielle Anwendungen wie die Krebstherapie mit Antimaterie.","A particle decelerator is a type of particle accelerator designed to slow down particles rather than speed them up. The main purpose of particle decelerators is to produce very low-energy particles for precise measurements and studies, particularly in antimatter research. This enables fundamental physics research, CPT symmetry tests and potential applications such as antimatter-based cancer therapy.",true,
/accelerator/synchrotron/storage-ring/,01: in preparation,,,/accelerator/synchrotron/,Speicherring,Storage Ring,,,"Ein Beschleuniger, der auf dem Synchrotron-Prinzip beruht und dafür optimiert ist, einen Teilchenstrahl über einen Zeitraum von normalerweise einigen Stunden auf einer bestimmten Energie zu halten. ","An accelerator based on the synchrotron principle and optimized to maintain a particle beam at a certain energy over a period of time, usually several hours. ",true,
/accelerator/synchrotron/,01: in preparation,,,/accelerator/,Synchrotron,Synchrotron,"Ein Beschleuniger, in dem geladene Teilchen mit Hilfe von Ablenkmagneten eine fixe, in sich geschlossene Bahn verfolgen. Da die kinetische Energie der Teilchen durch Beschleunigungskomponenten immer wieder erhöht wird, muss die Magnetfeldstärke synchron erhöht werden.","An accelerator in which charged particles follow a fixed, closed-loop path by means of bending magnets. Because the kinetic energy of the particles is repeatedly increased by accelerating components, the magnetic field strength must be synchronously increased.",,,true,
/accelerator/synchrotron/booster-synchrotron,01: in preparation,,,/accelerator/synchrotron/,Booster-Synchrotron,Booster Synchrotron,,,"Ein Synchrotron, das als Vorbeschleuniger für ein größeres Synchrotron dient. ",A synchrotron that serves as a pre-accelerator for a larger synchrotron. ,true,
/facility/,01: in preparation,,,,Forschungsanlage,Research Facility,,,,,true,
/facility/accelerator-based-facility/,01: in preparation,,,/facility/,Beschleunigerbasierte Forschungseinrichtung,Accelerator Based Research Facility,,,Eine beschleunigerbasierte Forschungseinrichtung nutzt Beschleuniger zur Erzeugung von Teilchenstrahlen für die Forschung.,An accelerator-based research facility uses  accelerators to produce particle beams for research.,true,
/facility/accelerator-based-facility/mass-spectroscope,01: in preparation,,,/facility/accelerator-based-facility/,Massenspektroskop,Mass Spectrometer,,,,,true,
/facility/accelerator-based-facility/medical-facility/,01: in preparation,,,/facility/accelerator-based-facility/,Medizinische Anlage,Medical Facility,,,,,true,
/facility/accelerator-based-facility/medical-facility/beam-therapy/,01: in preparation,,,/facility/accelerator-based-facility/medical-facility/,Strahlentherapeutische Einrichtung,Radiation Therapy Facility,Strahlentherapie,,,,true,
/facility/accelerator-based-facility/medical-facility/beam-therapy/electron-beam-therapy,01: in preparation,,,/facility/accelerator-based-facility/medical-facility/beam-therapy/,Anlage für Elektronenbestrahlungstherapie,Electron Beam Therapy Facility,Elektronenbestrahlungstherapie,,,,true,
/facility/accelerator-based-facility/medical-facility/beam-therapy/photon-beam-therapy,01: in preparation,,,/facility/accelerator-based-facility/medical-facility/beam-therapy/,Anlage für Photonenbestrahlungstherapie,Photon Radiation Therapy Facility,Photonen-Bestrahlungstherapie,,,,true,
/facility/accelerator-based-facility/medical-facility/beam-therapy/proton-beam-therapy,01: in preparation,,,/facility/accelerator-based-facility/medical-facility/beam-therapy/,Anlage für Protonenbestrahlungstherapie,Proton Beam Therapy Facility,Protonenbestrahlungstherapie,,,,true,
/facility/accelerator-based-facility/medical-facility/radioisotope-cyclotron,01: in preparation,,,/facility/accelerator-based-facility/medical-facility/,Laborzyklotron zur Erzeugung von Radionukliden oder für die Protonentherapie,Radioisotope Cyclotron,Laborzyklotron,Radioisotope Cyclotron,,,true,
/facility/accelerator-based-facility/neutron-source/,01: in preparation,,,/facility/accelerator-based-facility/,Neutronenquelle,Neutron Source,,,,,true,
/facility/accelerator-based-facility/neutron-source/compact-accelerator-based-neutron-source,01: in preparation,,,/facility/accelerator-based-facility/neutron-source/,Kompakte Beschleuniger-Neutronenquelle,Compact Accelerator Neutron Source,,,,,true,
/facility/accelerator-based-facility/neutron-source/spallation-neutron-source,01: in preparation,,,/facility/accelerator-based-facility/neutron-source/,Spallationsneutronenquelle,Spallation Neutron Source,,,,,true,
/facility/accelerator-based-facility/particle-collider/,01: in preparation,,,/facility/accelerator-based-facility/,Teilchen-Collider,Particle Collider,,,"In einem Teilchen-Collider werden zwei entgegengesewtzt beschleunigte Teilchenstrahlen zusammenführt, so dass die Teilchen miteinander kollidieren können. Im Vergleich zu Anlagen, bei denen ein beschleungter Teilchenstrahl auf ein ruhendes Ziel stößt, können Collider höhere Kollisionsenergien erreichen. Kollider können entweder aus Ringbeschleunigern oder Linearbeschleunigern bestehene.",,true,
/facility/accelerator-based-facility/particle-collider/circular-particle-collider,01: in preparation,,,/facility/accelerator-based-facility/particle-collider/,Ring-Collider,Circular Particle Collider,,,,,true,
/facility/accelerator-based-facility/particle-collider/circular-particle-collider/muon-collider,01: in preparation,,,/facility/accelerator-based-facility/particle-collider/,Myon-Collider,Muon Collider,,,"Ein Myon-Collider ist ein ringbasierter Doppelbeschleuniger, in dem Myonen (elektronenähnliche Teilchen mit der 206-fachen Masse) zur Kollision gebracht werden. Das Konzept befindet sich derzeit in der Konzeptionsphase und hat gegenüber Elektronencollidern wesentliche Vorteile. Aufgrund der höheren Masse verlieren die Teilchen weniger Energie durch  Synchrotronstrahlung, so dass ein 10 km Myon-Collider ähnliche Energien erreichen könnte wie ein 90 km Protonen-Collider. Die größten technischen Herausforderungen sind die kurze Lebensdauer der Myonen (2,2 µs), die eine schnelle Beschleunigung erfordert. Außerdem wird eine kontinuierliche Myonenquelle benötigt. Trotz der technischen Herausforderungen zeigen diese Fortschritte, dass ein Myon-Collider eine realistische Option für zukünftige Hochenergiephysik-Experimente sein könnte.",,true,
/facility/accelerator-based-facility/particle-collider/higgs-factory,01: in preparation,,,/facility/accelerator-based-facility/particle-collider/,Higgs-Fabrik,Higgs Factory,,,"Als Higgs-Fabrik wird die dem LHC-nachfolgende Generation eines Teilchen-Colliders für die Hochenergiephysik bezeichnet, bei der anstelle von Protonen Elektronen und ihre Antiteilchen kollidieren.",,true,
/facility/accelerator-based-facility/particle-collider/linear-particle-collider,01: in preparation,,,/facility/accelerator-based-facility/particle-collider/,Linearcollider,Linear Collider,,,"Ein Linear-Collider ist eine Doppelbeschleuniger-Anlage, die aus zwei Linear-Beschleunigern besteht.",,true,
/facility/accelerator-based-facility/photon-source/,01: in preparation,,,/facility/accelerator-based-facility/,Beschleuniger-basierte Photonenquelle,Photon Source,,,"In beschleunigerbasierten Photonenquellen werden beschleunigte Teilchen genutzt, um hochintensive Lichtblitze für wissenschaftliche Untersuchungen zu erzeugen.  SIe sind unverzichtbare Werkzeuge für  Spitzenforschung in zahlreichen wissenschaftlichen Disziplinen und tragen wesentlich zu Innovationen in Bereichen wie Gesundheit, Energie, Umwelt und Informationstechnologie bei. Zwei Arten von Photonenquellen ergänzen sich in ihren Eigenschaften: Synchrotronquellen erzeugen kurze Lichtpulse mit hoher Gesamtintensität, Freie-Elektronen-Laser erzeugen ultrakurze, extrem intensive Laserblitze.",,true,
/facility/accelerator-based-facility/photon-source/free-electron-laser/,01: in preparation,,,/facility/accelerator-based-facility/photon-source/,Freie-Elektronen-Laser,Free-Electron Laser,,,"Freie-Elektronen Laser (FEL) sind beschleunigerbasierte Photonenquellen, die hochintensive, extrem kurze, laserartige Strahlungspulse erzeugen. Aufgrund der Kürze der Pulse lassen sich ultraschnelle Prozesse untersuchen.",,true,
/facility/accelerator-based-facility/photon-source/free-electron-laser/seeded,01: in preparation,,,/facility/accelerator-based-facility/photon-source/free-electron-laser/,Geimpfter Freie-Elektronen-Laser,Seeded Free-Electron Laser,,,,,true,
/facility/accelerator-based-facility/photon-source/synchrotron-light-source,01: in preparation,,,/facility/accelerator-based-facility/photon-source/,Synchrotronlichtquelle,Synchrotron Radiation Source,,,"Synchrotronstrahlungsquellen sind beschleunigerbasierte Photonenquellen, in denen Elektronen auf nahezu Lichtgeschwindigkeit beschleunigt und auf einer ringförmigen Bahn in einem Speicherring gehalten werden.  Durch Ablenkung der Elektronen in speziellen magnetischen Strukturen (Undulatoren und Wiggler) wird parallel zur Bewegungsrichtung Synchrotronstrahlung erzeugt.",,true,
/facility/accelerator-based-facility/photon-source/synchrotron-light-source/3rd-generation,01: in preparation,,,/facility/accelerator-based-facility/photon-source/synchrotron-light-source,Synchrotronlichtquelle (3. Generation),Synchrotron Radiation Source (3rd Generation),,,,,true,
/facility/accelerator-based-facility/photon-source/synchrotron-light-source/4th-generation,01: in preparation,,,/facility/accelerator-based-facility/photon-source/synchrotron-light-source,Synchrotronlichtquelle (4. Generation),Synchrotron Radiation Source (4th Generation),,,,,true,
/facility/laser-facility,01: in preparation,,,/facility/,Laseranlage,Laser Facility,,,,,true,
/funding-program/,01: in preparation,,,,Forschungsförderung,Funding Program,,,,,false,
/funding-program/bmbf/,01: in preparation,,,/funding-program/,Förderprogramme des Bundesministeriums für Bildung und Forschung,Funding Program Of The German Ministry Of Education And Research,BMBF-Programme,BMBF Programmes,,,false,
/funding-program/bmbf/erum/,01: in preparation,,,/funding-program/bmbf/,BMBF-Rahmenprogramm zur Erforschung von Universum und Materie,Bmbf Framework Program For Research On The Universe And Matter (Erum),Rahmenprogramm ErUM,Framework programme ErUM,,,false,
/funding-program/bmbf/erum/erum-data,01: in preparation,,,/funding-program/bmbf/erum/,Aktionsplan ErUM-Data,Action Plan,,,"ErUM-Aktionsplan mit dem Ziel, das Potenzial von Daten und Digitalisierung bei der Erforschung von Universum und Materie an Forschungsinfrastrukturen voll auszuschöpfen. Der Fokus liegt auf der interdisziplinären Entwicklung und dem Transfer von digitalen Werkzeugen und Kompetenzen.",,false,
/funding-program/bmbf/erum/erum-pro,01: in preparation,,,/funding-program/bmbf/erum/,Aktionsplan ErUM-Pro,Action Plan Erum-Pro,,,"ErUM-Aktionsplan für die Projektförderung zur Vernetzung von Hochschulen, Forschungsinfrastrukturen und Gesellschaft",,false,
/funding-program/bmbf/erum/erum-transfer,01: in preparation,,,/funding-program/bmbf/erum/,Aktionsplan ErUM-Transfer,Action Plan Erum-Transfer,,,"ErUM-Aktionsplan mit dem Ziel, das Potenzial neuer Erkenntnisse und Technologien aus der naturwissenschaftlichen Grundlagenforschung an Forschungsinfrastrukturen für Wirtschaft und Gesellschaft zu erschließen. Der Charakter der Neugier getriebenen Grundlagenforschung soll dabei erhalten bleiben.",,false,
/funding-program/dfg-funding-program/,01: in preparation,,,/funding-program/,Förderprogramme der Deutschen Forschungsgemeinschaft (DFG),Funding Program Of The German Research Foundation (Dfg),DFG-Förderprogramme,,,,false,
/funding-program/dfg-funding-program/cluster-of-excellence,01: in preparation,,,/funding-program/dfg-funding-program/,Exzellenzcluster,Cluster Of Excellence,,,,,false,
/funding-program/dfg-funding-program/research-training-groups,01: in preparation,,,/funding-program/dfg-funding-program/,Graduiertenkolleg,Research Training Group,,,Graduiertenkollegs sind von der DFG geförderte Programme der Hochschulen zur Unterstützung des wissenschaftlichen Nachwuchses. Sie konzentrieren sich auf die Qualifizierung von Promovierenden im Rahmen eines fokussierten Forschungsprogramms und einer strukturierten Ausbildungsstrategie.,Research Training Groups are DFG-funded  programmes set up by universities to support young researchers. They focus on the qualification of doctoral researchers within the framework of a focused research programme and a structured training strategy.,false,
/funding-program/eu/,01: in preparation,,,/funding-program/,Förderprogramme der Europäischen Union,Funding Program Of The European Union,,,,,false,
/funding-program/eu/fp6,01: in preparation,,,/funding-program/eu/,6. EU-Forschungsrahmenprogramm,6th Eu Research Framework Program,FP6,FP6,,,false,
/funding-program/eu/fp7,01: in preparation,,,/funding-program/eu/,7. EU-Forschungsrahmenprogramm,7th Eu Research Framework Program,FP7,FP7,,,false,
/funding-program/eu/horizon-2020,01: in preparation,,,/funding-program/eu/,Horizont 2020,Horizon 2020,,,"Horizont 2020 (2013 bis 2020) war das erste Rahmenprogramm für Forschung und Innovation. Es markiert einen Paradigmenwechsel hin zu einer wesentlich stärkeren Innovationsorientierung der Rahmenprogramme. Horizont 2020 deckt die gesamte Innovationskette ab: Von den ersten Ideen für die Grundlagenforschung bis hin zu fertig entwickelten neuartigen Produkten, Dienstleistungen und Verfahren für Markt und Gesellschaft bietet Horizont 2020 auf europäischer Ebene eine Vielzahl von effektiven Förder- und Unterstützungsmaßnahmen und schafft damit die besten Voraussetzungen für Innovationen.",,false,
/funding-program/eu/horizon-europe,01: in preparation,,,/funding-program/eu/,Horizont Europa,Horizon Europe,,,"Horizont Europa (2021 bis 2027) ist das aktuelle Rahmenprogramm für Forschung und Innovation. Es gilt als das neunte Forschungsrahmenprogramm und es ist das zweite, das auch den Begriff Innovation im Titel trägt. Es ist das weltweit größte Einzelförderprogramm für Forschung und Innovation.",,false,
/funding-program/hgf/,01: in preparation,,,/funding-program/,Förderprogramme der Helmholtz-Gemeinschaft,By The Helmholtz Association,Helmholtz Förderprogramme,Helmholtz funding programmes,,,false,
/funding-program/hgf/pof,01: in preparation,,,/funding-program/hgf/,Programmorientierte Förderung (PoF) in der Helmholtz-Gemeinschaft,Program Oriented Funding (Pof) Of The Helmholtz Association,HGF-PoF,HGF-PoF,"In der Programmorientierten Förderung der Helmholtz-Gemeinschaft (PoF) konkurrieren zentrenübergreifende Forschungsprogramme um Fördermittel. Die Beschleunigerforschung der insgesamt sieben in diesem Bereich aktiven Zentren ist im Programm ""Materie und Technologien"" gebündelt. 


","In the Helmholtz Association's programme-oriented funding (PoF), cross-centre research programmes compete for funding. The accelerator research of the seven centres active in this field is bundled in the ‘Matter and Technologies’ programme. ",false,
/information-content-entity/,01: in preparation,,,,Publikationstyp,Publication Type,,,,,false,
/information-content-entity/database,01: in preparation,,,/information-content-entity/,Datenbank,Database,,,,,false,
/information-content-entity/report/,01: in preparation,,,/information-content-entity/,Bericht,Reports,,,,,false,
/information-content-entity/report/annual-report,01: in preparation,,,/information-content-entity/report/,Jahresbericht,Annual Report,,,,,false,
/information-content-entity/report/design-report/,01: in preparation,,,/information-content-entity/report/,Bericht zum Konzept,Design Report,,,,,false,
/information-content-entity/report/design-report/conceptual-design-report,01: in preparation,,,/information-content-entity/report/,Bericht zum konzeptionellen Gestaltungsplan,Conceptual Design Report,,,,,false,
/information-content-entity/report/design-report/technical-design-report,01: in preparation,,,/information-content-entity/report/,Bericht zum technischen Gestaltungsplan,Technical Design Report,,,,,false,
/information-content-entity/repository,01: in preparation,,,/information-content-entity/,Repository,Repository,,,,"A repository, often abbreviated as ""repo"", is a centralized digital storage location used to store, manage, and organize various types of data, files, and resources. ",false,
/information-content-entity/strategies-and-roadmaps,01: in preparation,,,/information-content-entity/,Strategie und/oder Roadmap,Strategy And/Or Roadmap,,,,,false,
/information-content-entity/strategy-workshop-contributions,01: in preparation,,,/information-content-entity/,Beitrag zum Strategieworkshop,Strategy Workshop Paper,,,,,false,
/information-content-entity/thesis/,01: in preparation,,,/information-content-entity/,Abschlussarbeit,Thesis,,,,,false,
/information-content-entity/thesis/bachelor-thesis,01: in preparation,,,/information-content-entity/thesis/,Bachelor-Arbeit,Bachelor Thesis,,,,,false,
/information-content-entity/thesis/doctoral-thesis,01: in preparation,,,/information-content-entity/thesis/,Doktorarbeit,Doctoral Thesis,,,,,false,
/information-content-entity/thesis/doctoral-thesis/dr.-ing.,01: in preparation,,,/information-content-entity/thesis/doctoral-thesis,Doktorarbeit (Dr.-Ing.),Doctoral Thesis (Dr.-Ing.),,,,,false,
/information-content-entity/thesis/doctoral-thesis/dr.rer.nat.,01: in preparation,,,/information-content-entity/thesis/doctoral-thesis,Dissertation (Dr. rer. nat.),Doctoral Dissertation (Dr. Rer. Nat.),,,,,false,
/information-content-entity/thesis/doctoral-thesis/phd,01: in preparation,,,/information-content-entity/thesis/doctoral-thesis,Doktorarbeit (PhD),Doctoral Thesis (Phd),,,,,false,
/information-content-entity/thesis/master-thesis,01: in preparation,,,/information-content-entity/thesis/,Masterarbeit,Masters Thesis,,,,,false,
/information-content-entity/website,01: in preparation,,,/information-content-entity/,Web-Präsenz,Web Page,,,,,false,
/organization/,01: in preparation,,,,Organisation,Organization,,,,,false,
/organization/committee,01: in preparation,,,/organization/,Komitee,Committee,,,"Gruppe von Personen, die von einer Organisation einberufen wird, um gemeinsam an bestimmten Aufgaben, Projekten oder Empfehlungen zu arbeiten. ","Group of people appointed by an organisation to work together on specific tasks, projects or recommendations. ",false,
/organization/committee/erum-committee,01: in preparation,,,/organization/committee,ErUM-Komitee,Erum Committee,,,,,false,
/organization/consortium,01: in preparation,,,/organization/,Konsortium,Consortium,,,,,false,
/organization/formal-organization,01: in preparation,,,/organization/,Formale Organisation,Formal Organization,,,,,false,
/organization/formal-organization/department,01: in preparation,,,/organization/formal-organization,Abteilung,Department,,,,,false,
/organization/formal-organization/sub-department,01: in preparation,,,/organization/formal-organization/department,Unterabteilung,Sub-Department,,,,,false,
/organization/funding-orgainzation,01: in preparation,,,/organization/,Forschungsförderer,Research Funder,,,,,false,
/organization/research-institution,01: in preparation,,,/organization/,Forschungseinrichtung,Research Institution,,,,,false,
/organization/university,01: in preparation,,,/organization/,Universität,University,,,,,false,
/organization/working-group,01: in preparation,,,/organization/,Arbeitsgruppe,Working Group,,,,,false,
/person/,01: in preparation,,,,Person,Person,,,,,false,
/person/gender/,01: in preparation,,,/person/,Geschlecht,Gender,,,,,false,
/person/gender/female,01: in preparation,,,/person/gender/,weiblich,Female,,,,,false,
/person/gender/male,01: in preparation,,,/person/gender/,männlich,Male,,,,,false,
/person/gender/non-binary,01: in preparation,,,/person/gender/,nicht-binär,Non-Binary,,,,,false,
/project/,01: in preparation,,,,Projekt,Project,,,,,false,
/accelerator-research-topic/,01: in preparation,,,,Themen der Beschleunigerforschung,Accelerator Research Topic,,,,,true,
/accelerator-research-topic/green-transformation,01: in preparation,,,/accelerator-research-topic/,Grüne Transformation,Green Transformation,,,,,true,
/accelerator-research-topic/magnets,01: in preparation,,,/accelerator-research-topic/,Magnete,Magnet,,,,,true,
/accelerator-research-topic/magnets/superconducting,01: in preparation,,,/accelerator-research-topic/,Supraleitende Magnete,Superconducting,,,,,true,
/accelerator-research-topic/plasma-acceleration,01: in preparation,,,/accelerator-research-topic/,Plasmabasierte Beschleunigung,Plasma Acceleration,,,,,true,
/strategic-issue/,01: in preparation,,,,Strategisches Thema,Strategic Issue,,,,,false,
/academic-teaching/,01: in preparation,,,,Akademische Lehre,Academic Teaching,,,,,false,
/academic-teaching/academic-study-programme/,01: in preparation,,,/academic-teaching/,Studiengang,Study Program,,,,,false,
/academic-teaching/academic-study-programme/bachelor-degree-programme,01: in preparation,,,/academic-teaching/academic-study-programme/,Bachelor-Studiengang,Undergraduate Program,Bachelor,Bachelor,,,false,
/academic-teaching/academic-study-programme/doctoral-programme,01: in preparation,,,/academic-teaching/academic-study-programme/,Doktorat,Doctoral Program,Promotion,Doctorate,,,false,
/academic-teaching/academic-study-programme/doctoral-programme/graduiertenkolleg,01: in preparation,,,/academic-teaching/academic-study-programme/doctoral-programme,Graduiertenkolleg,Research Training Group,,,"Graduiertenkollegs sind von der DFG finanziell geförderte Einrichtungen der Hochschulen zur frühzeitigen Nachwuchsförderung. Im Mittelpunkt steht die Qualifizierung von Promovierenden im Rahmen eines thematisch fokussierten Forschungsprogramms und eines strukturierten Qualifizierungskonzepts. Eine interdisziplinäre Ausrichtung der Graduiertenschulen ist erwünscht. Ziel ist es, die Promovierenden intensiv auf den komplexen wissenschaftlichen Arbeitsmarkt vorzubereiten und gleichzeitig ihre frühe wissenschaftliche Selbstständigkeit zu unterstützen.",Research Training Groups (Graduiertenkolleg) are university institutions funded by the DFG for the early promotion of young researchers. The focus is on the qualification of doctoral students within the framework of a thematically focused research programme and a structured qualification concept. An interdisciplinary orientation of the graduate schools is desirable. The aim is to prepare doctoral students intensively for the complex academic labour market and at the same time to support their early academic independence.,false,
/academic-teaching/academic-study-programme/doctoral-programme/graduiertenschule,01: in preparation,,,/academic-teaching/academic-study-programme/doctoral-programme,Graduiertenkolleg,Graduate School,,,"Graduiertenkollegs sind von der DFG finanziell geförderte Einrichtungen der Hochschulen zur frühzeitigen Nachwuchsförderung. Im Mittelpunkt steht die Qualifizierung von Promovierenden im Rahmen eines thematisch fokussierten Forschungsprogramms und eines strukturierten Qualifizierungskonzepts. Eine interdisziplinäre Ausrichtung der Graduiertenschulen ist erwünscht. Ziel ist es, die Promovierenden intensiv auf den komplexen wissenschaftlichen Arbeitsmarkt vorzubereiten und gleichzeitig ihre frühe wissenschaftliche Selbstständigkeit zu unterstützen.",Research Training Groups (Graduiertenkolleg) are university institutions funded by the DFG for the early promotion of young researchers. The focus is on the qualification of doctoral students within the framework of a thematically focused research programme and a structured qualification concept. An interdisciplinary orientation of the graduate schools is desirable. The aim is to prepare doctoral students intensively for the complex academic labour market and at the same time to support their early academic independence.,false,
/academic-teaching/academic-study-programme/master-degree-programme,01: in preparation,,,/academic-teaching/academic-study-programme/,Masterstudiengang,Master Program,Master,Master,,,false,
/academic-teaching/academic-teaching-event/,01: in preparation,,,/academic-teaching/,Lehrveranstaltung,Teaching Event,,,Unterrichtseinheit im Rahmen eines  Studiums an einer Universität oder Hochschule,,false,
/academic-teaching/academic-teaching-event/block,01: in preparation,,,/academic-teaching/academic-teaching-event/,Blocklehrveranstaltung,Block Course,,,"Lehrveranstaltung, die sich nicht über ein ganzes Semester erstreckt, sondern in einem zusammenhängenden Zeitraum von einigen Tagen, seltener einigen Wochen stattfindet.","Teaching event that does not extend over an entire semester, but takes place over a continuous period of a few days, or in rare cases a few weeks.",false,
/academic-teaching/academic-teaching-event/lecture-exercise,01: in preparation,,,/academic-teaching/academic-teaching-event/,Übung zur Vorlesung,Lecture Exercise,Übung,Exercise,"Lehrveranstaltung, die den Inhalt einer Vorlesung bei der Lösung von Problemstellungen anwendet.",Teaching event in which the solution of assignments (usually in conjunction with a lecture) is presented.,false,
/academic-teaching/academic-teaching-event/laboratory-practical,01: in preparation,,,/academic-teaching/academic-teaching-event/,Laborpraktikum,Lab Practical,Praktikum,Lab,Lehrveranstaltung zur Vermittlung praktischer Kenntnisse und Erfahrungen im Labor,Teaching event to acquire practical knowledge and experience in the laboratory,false,
/academic-teaching/academic-teaching-event/lecture,01: in preparation,,,/academic-teaching/academic-teaching-event/,Vorlesung,Lecture,,,Lehrveranstaltung in Form eines (folien- oder tafelgestützten) Vortrages,Teaching event in the form of a (slide or board-based) oral presentation,false,
/academic-teaching/academic-teaching-event/seminar,01: in preparation,,,/academic-teaching/academic-teaching-event/,Seminar,Seminar,,,Lehrveranstaltung mit aktiver Beteiligung der Teilnehmenden,Teaching event with active engagement of the participants,false,
/academic-teaching/academic-teaching-event/proseminar,01: in preparation,,,/academic-teaching/academic-teaching-event/seminar,Proseminar,Undergraduate Seminar,,,Seminar für Bachelor-Studierende,Seminar for bachelor students,false,
/academic-teaching/academic-teaching-event/hauptseminar,01: in preparation,,,/academic-teaching/academic-teaching-event/seminar,Hauptseminar,Graduate Seminar,,,Seminar für Masterstudierende,Seminar for master students,false,
/academic-teaching/academic-teaching-event/excursion,01: in preparation,,,/academic-teaching/academic-teaching-event/,Exkursion,Field Trip,,,Lehrveranstaltung in Form der Besichtigung eines Betriebes oder einer Forschungseinrichtung,Teaching event in the form of a company or research facility visit,false,
/accelerator/erl,01: in preparation,,,/accelerator/,Linearbeschleuniger mit Energierückgewinnung,Energy Recovery Linac,,,,,true,
/accelerator/microtron/circular-microtron,01: in preparation,,,/accelerator/microtron,Kreismikrotron,Circular Microtron,,,"Ein Mikrotron, das mit einem einzigen großen Magneten Teilchenbahnen aus immer größer werdenden Kreisen erzeugt.",A microtron that uses a single large magnet to create particle paths made up of ever-larger circles.,true,
/accelerator/microtron/racetrack-microtron,01: in preparation,,,/accelerator/microtron,Rennbahn-Mikrotron,Racetrack Microtron,,,"Ein Mikrotron, das mit Hilfe von zwei Magneten Teilchenbahnen erzeugt, die immer größer werdenden Rennbahnen entsprechen. Dies ermöglicht größere Beschleunigungskomponenten und höhere Energien.","A microtron that uses two magnets to create particle paths made up of ever-larger racetracks, allowing for larger accelerating components and higher energies.",true,
/facility/facility-complex/,01: in preparation,,,/facility/,Anlagenkomplex,Facility Complex,Gruppe von Anlagen,A group of facilities,,,true,
/facility/accelerator-based-facility/ion-beam-facility,01: in preparation,,,/facility/,Ionenstrahl-Anlage,Ion Beam Facility,,,"Anlage zur Erzeugung und Manipulation von Ionenstrahlen für wissenschaftliche und technologische Anwendungen in Bereichen wie Kernphysik, Mikroelektronik, Lebenswissenschaften und Umweltstudien.","Facility for the production and manipulation of ion beams with scientific and technological applications such as nuclear physics, microelectronics, life sciences and environmental studies.",true,
/facility-life-cycle/,01: in preparation,,,,Lebenszyklus-Stufen einer Forschungsanlage,Facility Life Cycle Stages,,,,,true,
/facility-life-cycle/1_design,01: in preparation,,,/facility-life-cycle/,1. Entwurfphase,1. Design,,,"Die Entwurfsphase konzentriert sich auf die Planung und Definition der Struktur, der Funktionalität und der technischen Aspekte eines Projekts oder Systems. Sie ist in zwei Hauptunterphasen unterteilt:","The Design phase focuses on planning and defining the structure, functionality, and technical aspects of a project or system. It is divided into two main sub-phases:",true,
/facility-life-cycle/1.1_conceptual_design,01: in preparation,,,/facility-life-cycle/1_design,1.1 konzeptioneller Entwurf,1.1 Conceptual Design,,,"In dieser Phase geht es um Planung und Ideenfindung auf hoher Ebene, um die allgemeine Vision und den Zweck des Projekts zu umreißen.",This stage involves high-level planning and ideation to outline the overall vision and purpose of the project.,true,
/facility-life-cycle/1.1.1_creating_conceptual_design,01: in preparation,,,/facility-life-cycle/1.1_conceptual_design,1.1.1 Erstellung des konzeptionellen Entwurfs,1.1.1 Conceptual Design Creation,,,"Der Prozess des Brainstormings und des Entwurfs des ursprünglichen Konzepts, einschließlich der Ziele, des Umfangs und der Machbarkeit.","The process of brainstorming and drafting the initial concept, including goals, scope, and feasibility.",true,
/facility-life-cycle/1.1.2_conceptionally-designed,01: in preparation,,,/facility-life-cycle/1.1_conceptual_design,1.1.2 konzeptionell entworfen,1.1.2 Conceptually Designed,,,"Die Fertigstellung des konzeptionellen Entwurfs, der eine klare Vision oder Blaupause für das Projekt darstellt.","The completion of the conceptual design, resulting in a clear vision or blueprint for the project.",true,
/facility-life-cycle/1.2.2_technically-designed,01: in preparation,,,/facility-life-cycle/1.2_technical_design,1.2.2 technisch entworfen,1.2.2 Technically Designed,,,"Die Fertigstellung des technischen Entwurfs, bereit für die Implementierung.","The finalization of the technical design, ready for implementation.",true,
/facility-life-cycle/1.2_technical_design,01: in preparation,,,/facility-life-cycle/1_design,1.2 technischer Entwurf,1.2 Technical Design,,,In dieser Phase wird der konzeptionelle Entwurf in detaillierte technische Spezifikationen und Pläne umgesetzt.,This phase translates the conceptual design into detailed technical specifications and plans.,true,
/facility-life-cycle/2_realization,01: in preparation,,,/facility-life-cycle/,2. Realisierungsphase,2. Realisation,,,"In der Realisierungsphase wird der Entwurf durch Vorbereitung, Bau und Inbetriebnahme in die Praxis umgesetzt.","The Realisation phase involves bringing the design to life through preparation, construction, and commissioning.",true,
/facility-life-cycle/1.2.1_creating_technical_design,01: in preparation,,,/facility-life-cycle/1.2_technical_design,1.2.1 Erstellung des technischen Entwurfs,1.2.1 Technical Design Creation,,,"Entwicklung einer detaillierten technischen Dokumentation, einschließlich Schemata, Arbeitsabläufe und Systemanforderungen.","Developing detailed technical documentation, including schematics, workflows, and system requirements.",true,
/facility-life-cycle/2.1_preparation,01: in preparation,,,/facility-life-cycle/2_realization,2.1 Vorbereitung,2.1 Preparation,,,"Die Beschaffung von Ressourcen, Materialien und Teams, die für den Bau oder die Implementierung benötigt werden.","Gathering resources, materials, and teams required for construction or implementation.",true,
/facility-life-cycle/2.2_construction,01: in preparation,,,/facility-life-cycle/2_realization,2.2 Konstruktion,2.2 Construction,,,Der physische oder technische Aufbau des Projekts gemäß den Entwurfsspezifikationen.,The physical or technical build-out of the project according to the design specifications.,true,
/facility-life-cycle/2.3_commissioning,01: in preparation,,,/facility-life-cycle/2_realization,2.3 Inbetriebnahme,2.3 Commissioning,,,"Testen und Prüfen, ob das System oder Projekt wie vorgesehen funktioniert, bevor es in Betrieb genommen wird.",Testing and verifying that the system or project functions as intended before it goes live.,true,
/facility-life-cycle/3_operation_and_maintenance,01: in preparation,,,/facility-life-cycle/,3. Betrieb und Instandhaltung,3. Operation And Maintenance,,,Diese Phase konzentriert sich auf die laufende Nutzung und Pflege des Systems oder Projekts.,This phase focuses on the ongoing use and upkeep of the system or project.,true,
/facility-life-cycle/3.1_operation,01: in preparation,,,/facility-life-cycle/3_operation_and_maintenance,3.1 Betrieb,3.1 Operation,,,"Die tägliche Nutzung und Verwaltung des Systems, um den beabsichtigten Zweck zu erreichen.",The day-to-day use and management of the system to achieve its intended purpose.,true,
/facility-life-cycle/3.2_maintenance,01: in preparation,,,/facility-life-cycle/3_operation_and_maintenance,3.2 Instandhaltung,3.2 Maintenance,,," Regelmäßige Instandhaltung, Reparaturen und Aktualisierungen, um sicherzustellen, dass das System funktionsfähig und effizient bleibt."," Regular upkeep, repairs, and updates to ensure the system remains functional and efficient.",true,
/facility-life-cycle/4_end_of_life,01: in preparation,,,/facility-life-cycle/3_operation_and_maintenance,4. Ende des Lebenszyklus,4. End Of Life,,,Die End-of-Life-Phase befasst sich mit der Ausmusterung oder dem Ersatz des Systems oder Projekts.,The End of Life phase addresses the retirement or replacement of the system or project.,true,
/facility-life-cycle/4.1_replaced_by_upgrade,01: in preparation,,,/facility-life-cycle/4_end_of_life,4.1 Upgrade,4.1 Upgrade,,,"Diese End-of-Life-Phase führt zu einer aktualisierten Version, die den sich ändernden Anforderungen gerecht wird.",This end-of-life branch results in an upgraded version to meet evolving needs.,true,
/facility-life-cycle/4.2_decommissioning,01: in preparation,,,/facility-life-cycle/4_end_of_life,4.2 Rückbau,4.2 Decommissioning,,,"Der End-of-Life-Zweig konzentriert sich auf die Ausmusterung des Systems, wenn es nicht mehr benötigt wird.",This end-of-life branch focuses on the retirement of the system when it is no longer needed.,true,
/facility-life-cycle/4.2.2_decommissioned,01: in preparation,,,/facility-life-cycle/4.2_decommissioning,4.2.2 Rückgebaut,4.2.2 Decommissioned,,,Das System wurde vollständig außer Betrieb genommen und wird nicht mehr verwendet.,The system has been fully retired and is no longer in use.,true,
/accelerator-application/science-application/matter-research/,01 in preparation,,,/accelerator-application/science-application/,Materieforschung,Matter Research,,,"Erforschung der komplexen Wechselwirkungen zwischen Atomen und Molekülen, die zu Materieformen wie Kristallen, Kunststoffen und Biomolekülen führen.","Research into the complex interactions between atoms and molecules that lead to forms of matter such as crystals, plastics and biomolecules.",true,
/accelerator/linear-accelerator/drift-tube-linac,01: in preparation,,,/accelerator/,Driftröhrenbeschleuniger ,Drift Tube Linac (Dtl),,,,linear accelerator to accelerate particles in the low-to-medium energy range,true,
/accelerator/linear-accelerator/radiofrequency-quadrupole-linac,01: in preparation,,,/accelerator/,Hochfrequenz-Quadrupol (RFQ) Linac ,Radiofrequency Quadrupole (Rfq) Linac ,,,"Linac, der niederenergetische Ionen gebündelt beschleunigt. Wird oft als erste Stufe in größeren Beschleunigersystemen verwendet.",linac that focuses and accelerates low-energy ions. Often used as the first stage in larger accelerator systems.,true,
/accelerating-process/electrodynamic-acceleration/,01: in preparation,,,/accelerating-process/,Elektrodynamische Beschleunigung,Electrodynamic Acceleration,,,"Bei der elektrodynamischen (oder elektromagnetischen) Beschleunigung werden elektromagnetische Wechselfelder genutzt, um Energie auf Teilchen zu übertragen.",Electrodynamic (or electromagnetic) acceleration employs changing electromagnetic fields to accelerate particles.,true,
/academic-degree/,01: in preparation,,,,Akademischer Grad,Academic Degree,Hochschulgrad,University degree,"Akademische Grade sind Abschlussbezeichnungen, die von dazu berechtigten Hochschulen aufgrund eines erfolgreich mit einer Hochschulprüfung abgeschlossenen Studiums oder aufgrund einer besonderen wissenschaftlichen Leistung vergeben und durch eine Urkunde dokumentiert werden.",Academic degrees are designations awarded by authorised universities on the basis of a successfully completed course of study with a university examination or on the basis of a special academic achievement and documented by a certificate.,false,"kultusministerkonferenz__2010__beschluss_kultusministerkonferenz_vom,hochschulrektorenkonferenz_kultusministerkonferenz__2017__qualifikationsrahmen_fuer_deutsche"
/academic-degree/bachelor-degree/,01: in preparation,,,/academic-degree/,Bachelor-Grad,Bachelor's Degree,"Bachelorgrad, Bachelorabschluss",,"Erster akademischer und berufsqualifizierender Abschluss des dreistufigen Bologna-Modells. Je nach akademischer Disziplin wird der Bachelorgrad durch eine von sieben möglichen Bezeichnungen spezifiziert:  Bachelor of Arts (B. @ A.), Bachelor of Science (B. @ Sc.), Bachelor of Engineering (B. @ Eng.), Bachelor of Laws (LL. @ B.), Bachelor of Fine (B. @ F. @ A.), Bachelor of Music (B. @ Mus.), Bachelor of Education (B. @ Ed.).","First academic degree and professional qualification of the three-tier Bologna model. Depending on the academic discipline, a Bachelor's degree is specified by one of seven designations, B. @ A. (Bachelor of Arts), B.  @ Sc. (Bachelor of Science), B. @ Eng. (Bachelor of Engineering), LL. @ B. (Bachelor of Laws), B. @ F. @ A. (Bachelor of Fine Arts), B. @ Mus. (Bachelor of Music), B. @ Ed. (Bachelor of Education).",false,"kultusministerkonferenz__2010__beschluss_kultusministerkonferenz_vom,hochschulrektorenkonferenz_kultusministerkonferenz__2017__qualifikationsrahmen_fuer_deutsche"
/academic-degree/bachelor-degree/b.sc.,01: in preparation,,,/academic-degree/bachelor-degree/,Bachelor of Science,Bachelor Of Science,B. @ Sc.,B. @ Sc.,"Der Bachelor of Science wird in den Fächergruppen Mathematik, Naturwissenschaften und teilweise Ingenieurwissenschaften verliehen.","The Bachelor of Science is awarded in the subject groups of mathematics, natural sciences and, in some cases, engineering.",false,"kultusministerkonferenz__2010__beschluss_kultusministerkonferenz_vom,hochschulrektorenkonferenz_kultusministerkonferenz__2017__qualifikationsrahmen_fuer_deutsche"
/academic-degree/bachelor-degree/b.eng.,01: in preparation,,,/academic-degree/bachelor-degree/,Bachelor of Engineering,Bachelor Of Engineering,B. @ Eng.,B. @ Eng.,Eine der sieben von der Kultusministerkonferenz festgelegten Bachelor-Abschlussbezeichnungen; verliehen in den Ingenieurwissenschaften.,One of the seven Bachelor's degree titles defined by the Conference of Ministers of Education and Cultural Affairs; awarded in the engineering sciences.,false,"kultusministerkonferenz__2010__beschluss_kultusministerkonferenz_vom,hochschulrektorenkonferenz_kultusministerkonferenz__2017__qualifikationsrahmen_fuer_deutsche"
/academic-degree/master-degree/,01: in preparation,,,/academic-degree/,Master-Grad,Master's Degree,"Mastergrad, Masterabschluss",,"Der Master ist der zweithöchste akademische Grad. Er wird nach erfolgreichem Abschluss eines Masterstudiums an Universitäten oder gleichgestellten Hochschulen verliehen. Das Masterstudium ist ein Aufbaustudium, das in der Regel auf ein Bachelorstudium folgt. 
",The Master's degree is the second highest academic degree. It is awarded upon successful completion of a Master's degree programme at universities or equivalent institutions of higher education. The Master's degree programme is a postgraduate course that usually follows a Bachelor's degree. ,false,"kultusministerkonferenz__2010__beschluss_kultusministerkonferenz_vom,hochschulrektorenkonferenz_kultusministerkonferenz__2017__qualifikationsrahmen_fuer_deutsche"
/academic-degree/master-degree/m.sc.,01: in preparation,,,/academic-degree/master-degree/,Master of Science,Master Of Science,B. @ Sc.,B. @ Sc.,"Eine der sieben von der Kultusministerkonferenz festgelegten Master-Abschlussbezeichnungen; verliehen in den Fächergruppen Mathematik, Naturwissenschaften und teilweise Ingenieurwissenschaften.","One of the seven Master's degree titles defined by the Standing Conference of the Ministers of Education and Cultural Affairs; awarded in the subject groups of mathematics, natural sciences and, in some cases, engineering.",false,"kultusministerkonferenz__2010__beschluss_kultusministerkonferenz_vom,hochschulrektorenkonferenz_kultusministerkonferenz__2017__qualifikationsrahmen_fuer_deutsche"
/academic-degree/master-degree/m.eng.,01: in preparation,,,/academic-degree/master-degree/,Master of Engineering,Master Of Engineering,M. @ Eng.,M. @ Eng.,Abschlussbezeichnungen für einen Mastergrad in den Ingenieurwissenschaften,Degree designation for a Master's degree in the engineering sciences,false,"kultusministerkonferenz__2010__beschluss_kultusministerkonferenz_vom,hochschulrektorenkonferenz_kultusministerkonferenz__2017__qualifikationsrahmen_fuer_deutsche"
/academic-degree/doctoral-degree/,01: in preparation,,,/academic-degree/,Doktorgrad,Doctorate,,,Der Doktorgrad ist der höchste akademische Grad und wird durch die Promotion an einer Universität mit Promotionsrecht erworben. Mit der Promotion wird die Befähigung zu selbständiger wissenschaftlicher Arbeit nachgewiesen.,The doctorate is the highest academic degree and is obtained by completing a doctorate at a university with the right to award doctorates. The doctorate is proof of the ability to carry out independent academic work.,false,"kultusministerkonferenz__2010__beschluss_kultusministerkonferenz_vom,hochschulrektorenkonferenz_kultusministerkonferenz__2017__qualifikationsrahmen_fuer_deutsche"
/academic-degree/doctoral-degree/phd,01: in preparation,,,/academic-degree/doctoral-degree/,Ph.D,Ph.D,PhD,PhD,Der Ph.D. ist in englischsprachigen Ländern der wissenschaftliche Doktorgrad in fast allen Fächern und der höchste Studienabschluss im Postgraduiertenbereich.,"In English-speaking countries, the Ph.D. is the academic doctoral degree in almost all subjects and the highest postgraduate degree.",false,kultusministerkonferenz__2010__beschluss_kultusministerkonferenz_vom
/academic-degree/doctoral-degree/dr.rer.nat.,01: in preparation,,,/academic-degree/doctoral-degree/,Doktor der Naturwissenschaften ,Doctor Of Natural Sciences,"Dr. @ rer. @ nat., Doctor rerum naturalium","Dr. @ rer. @ nat., Doctor rerum naturalium","Der Doktor der Naturwissenschaften wird nicht nur in rein naturwissenschaftlichen Fächern wie Physik, Chemie oder Biologie verliehen, sondern auch in verwandten Fächern wie Geographie, Pharmazie, Mathematik, Informatik, Statistik oder Psychologie.","The Doctor of Natural Sciences is not only awarded in purely natural science subjects such as physics, chemistry or biology, but also in related subjects such as geography, pharmacy, mathematics, computer science, statistics or psychology.",false,kultusministerkonferenz__2010__beschluss_kultusministerkonferenz_vom
/academic-degree/doctoral-degree/dr.ing.,01: in preparation,,,/academic-degree/doctoral-degree/,Doktor der Ingenieurwissenschaften,Doctor Of Engineering,"Dr.-Ing., Doktoringenieur/in","Dr.-Ing., Doctor of Science (Engineering), Doctor of Science (Technology), PhD in Engineering","Der Doktor der Ingenieurwissenschaften (Dr.-Ing.) ist in Deutschland ein akademischer Grad, der durch eine Promotion im Bereich der Ingenieurwissenschaften, beispielsweise in den Fachrichtungen Maschinenbau, Elektrotechnik, Bauingenieurwesen, Verfahrenstechnik, Umwelttechnik, Luft- und Raumfahrttechnik oder Werkstoffwissenschaften, erworben wird. In bestimmten Fällen kann der Grad auch in der Informatik verliehen werden.","The Doctor of Engineering (Dr.-Ing.) is an academic degree in Germany, which is obtained through a doctorate in the field of engineering, for example in the fields of mechanical engineering, electrical engineering, civil engineering, process engineering, environmental engineering, aerospace technology or materials science. In certain cases, the degree can also be awarded in computer science.",false,kultusministerkonferenz__2010__beschluss_kultusministerkonferenz_vom
/facility-life-cycle/4.2.1_decommissioning,01: in preparation,,,/facility-life-cycle/4.2_decommissioning,4.2.1 Im Rückbau,4.2.1 In decommissioning,,,Das System wird gerade abgeschaltet und aus dem Betrieb genommen.,The system is in the process of being shut down and removed from operation.,true,
/facility-life-cycle/4.1.1_replaced_by_upgrade,01: in preparation,,,/facility-life-cycle/4.1_replaced_by_upgrade,4.1.1 Im Upgradeprozess,4.1.1 Being Replaced By Upgrade,,,"Das System wird durch eine neuere oder aktualisierte Version ersetzt, um den sich ändernden Anforderungen gerecht zu werden.",The system is replaced by a newer or upgraded version to meet evolving needs.,true,
/facility-life-cycle/4.1.2_replaced_by_upgrade,01: in preparation,,,/facility-life-cycle/4.1_replaced_by_upgrade,4.1.2 Ersetzt durch Upgrade,4.1.2 Replaced By Upgrade,,,"Das System wird durch eine neuere oder aktualisierte Version ersetzt, um den sich ändernden Anforderungen gerecht zu werden.",The system is replaced by a newer or upgraded version to meet evolving needs.,true,
