id,meta.reviewStatus,meta.reviewedBy,meta.reviewLog,label.fullName.de,label.fullName.en,label.acronym.de,label.acronym.en,definition.de,definition.en,isPartOf,isSuccessorOf,acceleratorType,facilityType,facilityTypeParticles,lifeCycle,t0,t1,hasHost,location.country.code,isBmbfFis,primaryApplications,secondaryApplications,link.homepage.de,link.homepage.en
/athena,02: in prereview,,,Helmholtz-ARD Testanlagen für Plasmabeschleunigung,Helmholtz-ARD distributed test facility for plasma acceleration,ATHENA,ATHENA,Helmholtz-ARD verteilte Testanlage für Plasmabeschleunigung,Helmholtz-ARD verteilte Testanlage für Plasmabeschleunigung,,,,,,operation,2018,,,DE,,/accelerator-application/science-application/accelerator-science,,,
/athena/berlinpro,01: in preparation,,,Berliner Energierückgewinnung LINac PROjekt,Berlin Energy Recovery LINac PROject,bERLinPro,bERLinPro,Testanlage zur Elektronenbeschleunigung mit hohen Strömen im Dauerstrichbetrieb und mit Energierückgewinnung auf der Basis von supraleitenden Hohlräumen,Testanlage zur Elektronenbeschleunigung mit hohen Strömen im Dauerstrichbetrieb und mit Energierückgewinnung auf der Basis von supraleitenden Hohlräumen,/athena,,/accelerator/erl,,electrons,construction,2021,,/hzb,DE,,/accelerator-application/science-application/accelerator-science,,,
/athena/elbe,01: in preparation,,,Supraleitender Linear-Beschleuniger für Elektronen,Supraleitender Linear-beschleuniger für  Elektronen,ELBE,ELBE,Supraleitender Linear-beschleuniger für  Elektronen,Supraleitender Linear-beschleuniger für  Elektronen,/athena,,,/facility/accelerator-based-facility/photon-source/free-electron-laser/,electrons,operation,2004,,/hzdr,DE,,/accelerator-application/science-application/photon-science,,,
/athena/flute,02: in prereview,,,Ferninfrarot Linac- und Test-Experiment,Ferninfrarot Linac- und Test-Experiment,FLUTE,FLUTE,"Elektronenbeschleuniger zur Erzeugung ultrakurzer Elektronenpakete, der aus einem femtosekundenlaser-getriebenen Photoinjektor, einem Linearbeschleuniger und einem Elektronenpakete-Kompressor besteht.","Elektronenbeschleuniger zur Erzeugung ultrakurzer Elektronenpakete, der aus einem femtosekundenlaser-getriebenen Photoinjektor, einem Linearbeschleuniger und einem Elektronenpakete-Kompressor besteht.",/kit-atp,,/accelerator/linac/,,electrons,operation,2021,,/kit,DE,,/accelerator-application/science-application/accelerator-science,,,
/athena/juSPARC,01: in preparation,,,Jülicher Zentrum für kurzgepulste Teilchen und Strahlung,Jülich Short-Pulsed Particle and Radiation Center,JuSPARC,JuSPARC,Laserbasierte Forschungsanlage für die Forschung mit kurz gepulsten Photonen- und Teilchenstrahlen,Laserbasierte Forschungsanlage für die Forschung mit kurz gepulsten Photonen- und Teilchenstrahlen,/athena,,,,,,,,/fz-juelich,DE,,,,,
/athena/sinbad,01: in preparation,,,Kurze innovative Teilchenpakete und Beschleuniger bei DESY,Short INnovative Bunches and Accelerators at DESY,SINBAD,SINBAD,,,/athena,,,,,operation,,,/desy,DE,,/accelerator-application/science-application/accelerator-science,,,
/athena/sinbad/ares,01: in preparation,,,Beschleuniger-Forschungsexperiment bei SINBAD,Accelerator Research Experiment at SINBAD,ARES,ARES,"Linearbeschleuniger zur Erzeugung ultrakurzer Elektronenpakete. Teil von SINBAD bei DESY. Das Ziel von ARES ist es, ultrakurze Elektronenpakete mit geringer Ladung (0,2 - 50 pC) und hoher Ankunftszeitstabilität (weniger als 10 fs) für verschiedene Anwendungen zu erzeugen, z.B. für die externe Injektion zur Beschleunigung von Laserplasma-wakefieldss [2]. Die Grundkonzeption des Beschleunigers sieht einen S-Band-Photoinjektor vor, der Elektronenpakete mit geringer Ladung durch Geschwindigkeits-Bündelung komprimiert und auf 100 MeV Energie beschleunigt.","Linearbeschleuniger zur Erzeugung ultrakurzer Elektronenpakete. Teil von SINBAD bei DESY. Das Ziel von ARES ist es, ultrakurze Elektronenpakete mit geringer Ladung (0,2 - 50 pC) und hoher Ankunftszeitstabilität (weniger als 10 fs) für verschiedene Anwendungen zu erzeugen, z.B. für die externe Injektion zur Beschleunigung von Laserplasma-wakefieldss [2]. Die Grundkonzeption des Beschleunigers sieht einen S-Band-Photoinjektor vor, der Elektronenpakete mit geringer Ladung durch Geschwindigkeits-Bündelung komprimiert und auf 100 MeV Energie beschleunigt.",/athena/sinbad,,/accelerator/linac/,,electrons,operation,2020,,/desy,DE,,/accelerator-application/science-application/accelerator-science,,,
/athena/sinbad/axsis,01: in preparation,,,"Attosekunden-Röntgenforschung, Bildgebung und Spektroskopie","Attosecond X-ray Science, Imaging and Spectroscopy",AXSIS,AXSIS,15 MeV-Elektronenbeschleuniger auf der Grundlage von THz-Wellen in dielektrischen Wellenleitern,15 MeV-Elektronenbeschleuniger auf der Grundlage von THz-Wellen in dielektrischen Wellenleitern,/athena/sinbad,,,,electrons,operation,2019,,/desy,DE,,/accelerator-application/science-application/accelerator-science,,,
/berlin-protonen,01: in preparation,,,Protonentherapie von Augentumoren,Protonentherapie von Augentumoren,BerlinProtonen,BerlinProtonen,"BerlinProtonen ist eine auf die Behandlung von Augentumoren spezialisierte Protonentherapieanlage, die gemeinsam vom Helmholtz-Zentrum Berlin (HZB) und der Charité betrieben wird. Protonenstrahlen mit einer Energie von 68 MeV werden eingesetzt, um Augentumore gezielt zu zerstören und dabei das umliegende gesunde Gewebe zu schonen. Die Erfolgsquote bei der Zerstörung von Augentumoren liegt bei über 97 Prozent. In den meisten Fällen wird das Auge nicht nur gerettet, sondern es bleibt auch ein zufriedenstellendes Sehvermögen erhalten. Seit 1998 wurden in der Einrichtung mehr als 3 700 Patienten behandelt.","BerlinProtonen is a proton therapy facility specialising in the treatment of eye tumours, operated jointly by Helmholtz-Zentrum Berlin (HZB) and Charité. Proton beams with an energy of 68 MeV are used to precisely target and destroy eye tumours while sparing surrounding healthy tissue. The treatment has a success rate of over 97% in destroying eye tumours. In most cases, the eye is not only saved, but a satisfactory level of vision is maintained. More than 3,700 patients have been treated at the facility since 1998.",,,,/facility/accelerator-based-facility/medical-facility/beam-therapy/proton-beam-therapy,ions,operation,1998,,/hzb,DE,,/accelerator-application/medical-application/,,,
/berlin-protonen/cyclotron,01: in preparation,,,Protonentherapie von Augentumoren,Protonentherapie von Augentumoren,BerlinProtonen Sektorzyklotron,BerlinProtonen sector cyclotron,"Als Hauptbeschleuniger nutzt BerlinProtonen ein Sektorenzyklotron mit vier Ablenkmagneten und zwei Hochfrequenzkomponenten für eine schrittweise Energieübertragung. Auf diese Weise erreichen die Protonen eine Endenergie von 68 Millionen Elektronenvolt, was etwa der halben Lichtgeschwindigkeit entspricht.","As the main accelerator, BerlinProtonen uses a sector cyclotron with four bending magnets and two high-frequency components for a stepwise energy transfer. In this way, the protons reach a final energy of 68 million electronvolts, which corresponds to about half the speed of light.",,,/accelerator/cyclotron/sector-cyclotron,,ions,operation,1998,,/hzb,DE,,/accelerator-application/medical-application/,,,
/berlin-protonen/preaccelerator,01: in preparation,,,Protonentherapie von Augentumoren,Protonentherapie von Augentumoren,BerlinProtonen-Vorbeschleuniger,BerlinProtonen preaccelerator,"Als Vorbeschleuniger verwendet BerlinProtonen einen Van-de-Graaff-Generator mit einer maximalen Spannung von 5,5 Millionen Volt.","As a pre-accelerator, BerlinProtonen uses a Van de Graaff generator with a maximum potential of 5.5 million volts.",,,/accelerator/electrostatic-accelerator/van-de-graaff-accelerator,,ions,operation,1998,,/hzb,DE,,/accelerator-application/medical-application/,,,
/bessy-2,01: in preparation,,,Berliner Elektronenspeicherring für Synchrotronstrahlung II,Berlin electron storage ring for synchrotron radiation II,BESSY II,BESSY II,Synchrotron-Strahlungsquelle der dritten Generation für weiche Röntgenstrahlung,Synchrotron-Strahlungsquelle der dritten Generation für weiche Röntgenstrahlung,,,"/accelerator/synchrotron/,/accelerator/synchrotron/booster-synchrotron",/facility/accelerator-based-facility/photon-source/synchrotron-light-source/3rd-generation,electrons,operation,1998,2020,/hzb,DE,,/accelerator-application/science-application/photon-science,,,
/bessy-2__vsr,01: in preparation,,,Variabler Pulslängenspeicherring ,Variable pulse length storage ring,BESSY II/VSR,BESSY II/VSR,,,,/bessy-2,"/accelerator/synchrotron/,/accelerator/synchrotron/booster-synchrotron",/facility/accelerator-based-facility/photon-source/synchrotron-light-source/3rd-generation,electrons,operation,2020,,/hzb,DE,checked,/accelerator-application/science-application/photon-science,,,
/bessy-3,01: in preparation,,,Berliner Elektronenspeicherring für Synchrotronstrahlung III,Berlin electron storage ring for synchrotron radiation III,BESSY III,BESSY III,Geplante Synchrotron-Strahlungsquelle der vierten Generation für weiche Röntgenstrahlung,Geplante Synchrotron-Strahlungsquelle der vierten Generation für weiche Röntgenstrahlung,,/bessy-2__vsr,"/accelerator/synchrotron/,/accelerator/synchrotron/booster-synchrotron",/facility/accelerator-based-facility/photon-source/synchrotron-light-source/4th-generation,electrons,designing,2035,,/hzb,DE,,/accelerator-application/science-application/photon-science,,,
/cac,02: in prereview,,,CERN-Beschleunigerkomplex,CERN Accelerator Complex,Accelerator Complex,Accelerator Complex,,,,,/accelerator/accelerator-complex,,,operation,,,/cern,CH,,"/accelerator-application/science-application/hadron-physics,/accelerator-application/science-application/high-energy-physics",,,
/cac/ad,02: in prereview,,,Antiprotonen-Abbremsanlage,Antiproton Decelerator,AD,AD,"Der Antiprotonen-Entschleuniger am CERN ist eine Anlage zur Erzeugung von niederenergetischen Antiprotonen für die Antimaterieforschung. Er verwendet hochenergetische Antiprotonen aus Protonenkollisionen und bremst sie von knapp unter Lichtgeschwindigkeit auf etwa ein Zehntel der Lichtgeschwindigkeit ab. Diese Abbremsung wird durch den Einsatz starker elektrischer Felder erreicht. Darüber hinaus werden Techniken zur Strahlkühlung eingesetzt, um die Energiespreizung und die Abweichung von der gewünschten Bahn zu verringern. ","The Antiproton Decelerator at CERN is a facility used to produce low-energy antiprotons for antimatter research. It takes high-energy antiprotons from proton collisions and slows them down from just below the speed of light to about one-tenth the speed of light. This deceleration is achieved by using strong electric fields. In addition, beam cooling techniques are employed to reduce the spread in energy and deviation from the desired track. ",/cac,,/accelerator/particle-decelerator,,antiprotons,operation,1999,,/cern,CH,,"/accelerator-application/science-application/hadron-physics,/accelerator-application/science-application/high-energy-physics",,,
/cac/awake,01: in preparation,,,Fortgeschrittenes plasmabasiertes protonengetriebenes Beschleuningungsexperiment ,Advanced proton driven plasma Wakefield Acceleration Experiment ,AWAKE,AWAKE,"Machbarkeitsstudie über die Verwendung von Plasma-Wakefields, die von einem Protonenstrahl angetrieben werden, um geladene Teilchen zu beschleunigen.",Feasibility study on the use of plasma wakefields driven by a proton beam to accelerate charged particles.,/cac,,,,electrons,operation,2016,,/cern,CH,,"/accelerator-application/science-application/hadron-physics,/accelerator-application/science-application/high-energy-physics",,https://home.cern/science/accelerators/awake,
/cac/elena,01: in preparation,,,Extra-Niedrigenergie-Antiprotonen-Ring,Extra Low Energy Antiproton ring,ELENA,ELENA,"ELENA (Extra Low ENergy Antiproton) ist ein 30 m langer sechseckiger Speicherring, der Antiprotonenstrahlen abbremst und an verschiedene Experimente liefert. Er soll den vom Antiproton Decelerator AD kommenden Antiprotonenstrahl für präzisere Messungen auf eine Energie von 0,1 MeV abbremsen.",ELENA (Extra Low ENergy Antiproton) is a 30 m hexagonal storage ring that decelerates antiproton beams and delivers it to different experiments. It is designed to further decelerate the antiproton beam coming from the Antiproton Decelerator AD to an energy of 0.1 MeV for more precise measurements.,/cac,,/accelerator/particle-decelerator,,,operation,2020,,/cern,CH,,"/accelerator-application/science-application/hadron-physics,/accelerator-application/science-application/high-energy-physics",,,
/cac/isolde,01: in preparation,,,Einrichtung zur Erzeugung radioaktiver Ionenstrahlen,Isotope Separator On Line DEvice,ISOLDE,ISOLDE,"Anlage zur Erzeugung radioaktiver Nuklide durch Spallations-, Spaltungs- oder Fragmentierungsreaktionen in einem dicken Target, das mit einem Protonenstrahl mit einer Energie von 1,4 GeV und einer Intensität bis zu 2 Mikroampere bestrahlt wird.","Facility for the production of radioactive nuclides by spallation, fission or fragmentation reactions in a thick target irradiated with a proton beam with an energy of 1.4 GeV and an intensity of up to 2 microamperes.",/cac,,,,,operation,1992,,/cern,CH,checked,"/accelerator-application/science-application/hadron-physics,/accelerator-application/science-application/high-energy-physics",,,
/cac/lhc,02: in prereview,,,Großer Hadronen-Collider,Large Hadron Collider,LHC ,LHC ,,,/cac,,/accelerator/storage-ring/double-storage-ring,/facility/accelerator-based-facility/particle-collider/circular-particle-collider,ions,operation,2021,2024,/cern,CH,checked,"/accelerator-application/science-application/hadron-physics,/accelerator-application/science-application/high-energy-physics",,,
/cac/lhc__run-1,01: in preparation,,,Großer Hadronen-Collider,Large Hadron Collider,LHC Run 1,LHC Run 1,,,/cac,/cac/lhc,/accelerator/storage-ring/double-storage-ring,/facility/accelerator-based-facility/particle-collider/circular-particle-collider,ions,decommissioned,2011,2013,/cern,CH,,"/accelerator-application/science-application/hadron-physics,/accelerator-application/science-application/high-energy-physics",,,
/cac/lhc__run-2,01: in preparation,,,Großer Hadronen-Collider,Large Hadron Collider,LHC Run 2,LHC Run 2,,,/cac,/cac/lhc,/accelerator/storage-ring/double-storage-ring,/facility/accelerator-based-facility/particle-collider/circular-particle-collider,ions,decommissioned,2015,2018,/cern,CH,,"/accelerator-application/science-application/hadron-physics,/accelerator-application/science-application/high-energy-physics",,,
/cac/lhc__run-3,01: in preparation,,,Großer Hadronen-Collider,Large Hadron Collider,LHC Run 3 ,LHC Run 3 ,,,/cac,/cac/lhc,/accelerator/storage-ring/double-storage-ring,/facility/accelerator-based-facility/particle-collider/circular-particle-collider,ions,operation,2021,2026,/cern,CH,checked,"/accelerator-application/science-application/hadron-physics,/accelerator-application/science-application/high-energy-physics",,,
/cac/lhc__run-4,01: in preparation,,,Hochluminöser großer Hadronen-Collider,High-Luminosity Large Hadron Collider,HL-LHC (LHC Run 4),HL-LHC (LHC Run 4),"Der HL-LHC ist eine genehmigte Luminositätserhöhung des LHC. Der HL-LHC wird der erste Beschleuniger mit Quadrupol- und Dipolmagneten auf Basis von Nb3Sn-Supraleitern und damit ein wichtiges technologisches Sprungbrett für längerfristige Zukunftsprojekte wie FCC-hh und HE-LHC darstellt. Der HL-LHC wird auch der erste Hadronenbeschleuniger sein, der Krabbenhohlräume verwendet.","Der HL-LHC ist eine genehmigte Luminositätserhöhung des LHC. Der HL-LHC wird der erste Beschleuniger mit Quadrupol- und Dipolmagneten auf Basis von Nb3Sn-Supraleitern und damit ein wichtiges technologisches Sprungbrett für längerfristige Zukunftsprojekte wie FCC-hh und HE-LHC darstellt. Der HL-LHC wird auch der erste Hadronenbeschleuniger sein, der Krabbenhohlräume verwendet.",/cac,/cac/lhc,/accelerator/storage-ring/double-storage-ring,/facility/accelerator-based-facility/particle-collider/circular-particle-collider,ions,preparation,2030,2033,/cern,CH,,"/accelerator-application/science-application/hadron-physics,/accelerator-application/science-application/high-energy-physics",,,
/cac/lhc__run-5,01: in preparation,,,Hochluminöser großer Hadronen-Collider,High-Luminosity Large Hadron Collider,HL-LHC (LHC Run 5),HL-LHC (LHC Run 5),"Der HL-LHC ist eine genehmigte Luminositätserhöhung des LHC. Der HL-LHC wird der erste Beschleuniger mit Quadrupol- und Dipolmagneten auf Basis von Nb3Sn-Supraleitern und damit ein wichtiges technologisches Sprungbrett für längerfristige Zukunftsprojekte wie FCC-hh und HE-LHC darstellt. Der HL-LHC wird auch der erste Hadronenbeschleuniger sein, der Krabbenhohlräume verwendet.","Der HL-LHC ist eine genehmigte Luminositätserhöhung des LHC. Der HL-LHC wird der erste Beschleuniger mit Quadrupol- und Dipolmagneten auf Basis von Nb3Sn-Supraleitern und damit ein wichtiges technologisches Sprungbrett für längerfristige Zukunftsprojekte wie FCC-hh und HE-LHC darstellt. Der HL-LHC wird auch der erste Hadronenbeschleuniger sein, der Krabbenhohlräume verwendet.",/cac,/cac/lhc,/accelerator/storage-ring/double-storage-ring,/facility/accelerator-based-facility/particle-collider/circular-particle-collider,ions,preparation,2036,2038,/cern,CH,,"/accelerator-application/science-application/hadron-physics,/accelerator-application/science-application/high-energy-physics",,,
/cac/linac1,01: in preparation,,,Linearbeschleuniger 1,Linear accelerator 1,Linac 1,Linac 1,,,/cac,,/accelerator/linac/,,protons,operation,1958,,/cern,CH,,"/accelerator-application/science-application/hadron-physics,/accelerator-application/science-application/high-energy-physics",,,
/cac/linac2,01: in preparation,,,Linearbeschleuniger 2,Linear accelerator 2,Linac 2,Linac 2,,,/cac,,/accelerator/linac/,,,operation,1978,,/cern,CH,,"/accelerator-application/science-application/hadron-physics,/accelerator-application/science-application/high-energy-physics",,,
/cac/linac3,01: in preparation,,,Linearbeschleuniger 3,Linear accelerator 3,Linac 3,Linac 3,,,/cac,,/accelerator/linac/,,,operation,1994,,/cern,CH,,"/accelerator-application/science-application/hadron-physics,/accelerator-application/science-application/high-energy-physics",,,
/cac/linac4,01: in preparation,,,Linearbeschleuniger 4,Linear accelerator 4,Linac 4,Linac 4,,,/cac,,/accelerator/linac/,,,operation,2020,,/cern,CH,,"/accelerator-application/science-application/hadron-physics,/accelerator-application/science-application/high-energy-physics",,,
/cac/ps,01: in preparation,,,Protonen-Synchrotron,Proton Synchrotron,PS,PS,,,/cac,,/accelerator/synchrotron/,,"protons,ions",operation,1959,,/cern,CH,,"/accelerator-application/science-application/hadron-physics,/accelerator-application/science-application/high-energy-physics",,,
/cac/psb,02: in prereview,,,Proton Synchrotron Booster,Proton Synchrotron Booster,PSB,PSB,,,/cac,,"/accelerator/synchrotron/,/accelerator/synchrotron/booster-synchrotron",,,operation,1972,,/cern,CH,,"/accelerator-application/science-application/hadron-physics,/accelerator-application/science-application/high-energy-physics",,,
/cac/sps,01: in preparation,,,Super-Protonen-Synchrotron,Super Proton Synchrotron,SPS,SPS,,,/cac,,"/accelerator/synchrotron/,/accelerator/synchrotron/booster-synchrotron",,"protons,ions",operation,,,/cern,CH,,"/accelerator-application/science-application/hadron-physics,/accelerator-application/science-application/high-energy-physics",,,
/clic,01: in preparation,,,Kompakter Linearcollider,Compact LInear Collider,CLIC,CLIC,"Linearer Elektronen-Positronen-Collider im TeV-Bereich mit hoher Luminosität für die Erforschung kleinster Teilchen, der von internationalen Kollaborationen unter der Leitung des CERN entwickelt wird. Der CLIC-Beschleuniger wurde für drei Energiestufen bei Massenschwerpunktenergien von 380 GeV, 1,5 TeV und 3 TeV optimiert [1]. CLIC verwendet eine neuartige Zweistrahl-Beschleunigungstechnik mit normalleitenden Beschleunigungsstrukturen, die im Bereich von 70 MV/m bis 100 MV/m arbeiten.","Linearer Elektronen-Positronen-Collider im TeV-Bereich mit hoher Luminosität für die Erforschung kleinster Teilchen, der von internationalen Kollaborationen unter der Leitung des CERN entwickelt wird. Der CLIC-Beschleuniger wurde für drei Energiestufen bei Massenschwerpunktenergien von 380 GeV, 1,5 TeV und 3 TeV optimiert [1]. CLIC verwendet eine neuartige Zweistrahl-Beschleunigungstechnik mit normalleitenden Beschleunigungsstrukturen, die im Bereich von 70 MV/m bis 100 MV/m arbeiten.",,,/accelerator/linac/,,electrons,conceptionally-designed,2040,2060,/cern,CH,,/accelerator-application/science-application/high-energy-physics,,,
/cosy,01: in preparation,,,Kühlersynchrotron,Cooler-Synchrotron,COSY,COSY,"Kühlersynchrotron für Protonen und Deuteronen am Forschungszentrum Jülich. Die Teilchenstrahlen können bei Bedarf gekühlt werden, um die Strahlqualität zu erhöhen.","Kühlersynchrotron für Protonen und Deuteronen am Forschungszentrum Jülich. Die Teilchenstrahlen können bei Bedarf gekühlt werden, um die Strahlqualität zu erhöhen.",,,"/accelerator/synchrotron/,/accelerator/synchrotron/booster-synchrotron",,ions,operation,1993,,/fz-juelich,,,/accelerator-application/science-application/hadron-physics,,,
/cstart,01: in preparation,,,Kompakter Speicherring für Beschleunigerforschung und -technologie,Compact Storage Ring for Accelerator Research and Technology,cSTART,cSTART,Machbarkeitsstudie zur Speicherung ultrakurzer Elektronenpakete mit großer Impulsspanne aus einem Laser-Teilchenbeschleuniger.,Machbarkeitsstudie zur Speicherung ultrakurzer Elektronenpakete mit großer Impulsspanne aus einem Laser-Teilchenbeschleuniger.,/kit-atp,,/accelerator/storage-ring/,,electrons,preparation,2026,,/kit,DE,,/accelerator-application/science-application/accelerator-science,,,
/dali,01: in preparation,,,Fortschrittliche Lichtinfrastruktur in Dresden,Dresden Advanced Light Infrastructure,DALI,DALI,Dresden Advanced Light Infrastructure,Dresden Advanced Light Infrastructure,,,,/facility/laser-facility,electrons,conceptionally-designed,2030,2040,/hzdr,DE,,/accelerator-application/science-application/photon-science,,,
/delta,02: in prereview,,,Dortmunder Elektronenspeicherring-Anlage,Dortmund ELectron storage ring facility,DELTA,DELTA,,,,,"/accelerator/synchrotron/,/accelerator/synchrotron/booster-synchrotron",,electrons,operation,1996,,/tu-dortmund,DE,,/accelerator-application/science-application/photon-science,/accelerator-application/science-application/accelerator-science,,
/draco,01: in preparation,,,DResden laser ACceleration source,DResden laser ACceleration source,(LASER) DRACO,(LASER) DRACO,Ultrakurzpuls-Hochleistungslaser für Untersuchungen zur Laserteilchenbeschleunigung ,Ultrakurzpuls-Hochleistungslaser für Untersuchungen zur Laserteilchenbeschleunigung ,,,,/facility/laser-facility,,operation,,,/hzdr,DE,,/accelerator-application/science-application/accelerator-science,,,
/elbe,01: in preparation,,,Strahlungsquelle ELBE,User Facility ELBE,ELBE,ELBE,"Die Strahlungsquelle ELBE (Elektronen-Linearbeschleuniger für Strahlen hoher Brillanz und niedriger Emittanz) besteht aus einem supraleitenden Elektronenbeschleuniger und mehreren Nebenanlagen, die sowohl elektromagnetische Strahlung (THz-, Infrarot- und hochenergetische Gammastrahlung) als auch Teilchenstrahlung (Neutronen, Positronen und Elektronen) erzeugen. Diese Sekundärstrahlung steht sowohl externen Nutzern als auch den Mitgliedern des Helmholtz-Zentrums Dresden-Rossendorf für Forschungszwecke zur Verfügung. ","The ELBE radiation source (electron linear accelerator for high brilliance and low emittance beams) consists of a superconducting electron accelerator and several auxiliary facilities that generate both electromagnetic radiation (THz, infrared and high-energy gamma radiation) and particle radiation (neutrons, positrons and electrons). This secondary radiation is available to both external users and members of the Helmholtz-Zentrum Dresden-Rossendorf for research purposes.",,,/accelerator/linac/,/facility/accelerator-based-facility/photon-source/,electrons,operation,2001,,/hzdr,DE,checked,/accelerator-application/science-application/accelerator-science,,https://www.hzdr.de/db/Cms?pNid=145,https://www.hzdr.de/db/Cms?pNid=145
/elsa,01: in preparation,,,Elektronenstretcher-Anlage,Elektronenstretcher-Anlage,ELSA,ELSA,"Die Elektronen-Stretcher-Anlage ELSA wird von der Universität Bonn im Land Nordrhein-Westfalen betrieben. Sie besteht aus drei Stufen (Injektor-LINAC, Booster-Synchrotron und Stretcher-Ring) und liefert einen Strahl polarisierter oder unpolarisierter Elektronen mit variabler Energie von maximal 3,2 GeV. Für das Hauptforschungsgebiet, die Hadronenphysik, können Ströme bis zu 1 nA extrahiert und zu den Experimentierplätzen CB-ELSA und BGOOD transferiert werden.","Die Elektronen-Stretcher-Anlage ELSA wird von der Universität Bonn im Land Nordrhein-Westfalen betrieben. Sie besteht aus drei Stufen (Injektor-LINAC, Booster-Synchrotron und Stretcher-Ring) und liefert einen Strahl polarisierter oder unpolarisierter Elektronen mit variabler Energie von maximal 3,2 GeV. Für das Hauptforschungsgebiet, die Hadronenphysik, können Ströme bis zu 1 nA extrahiert und zu den Experimentierplätzen CB-ELSA und BGOOD transferiert werden.",,,/accelerator/storage-ring/,,electrons,operation,1987,,/uni-bonn,DE,,/accelerator-application/science-application/hadron-physics,,https://www.pi.uni-bonn.de/elsa/de/beschleuniger/aufbau,
/esrf,02: in prereview,,,European Synchrotron Radiation Facility,European Synchrotron Radiation Facility,ESRF,ESRF,European Synchrotron Radiation Facility,European Synchrotron Radiation Facility,,,"/accelerator/synchrotron/,/accelerator/synchrotron/booster-synchrotron",/facility/accelerator-based-facility/photon-source/synchrotron-light-source/3rd-generation,electrons,decommissioned,1995,2019,/esrf,FR,,/accelerator-application/science-application/photon-science,,,
/esrf__ebs,02: in prereview,,,Extrem brillante Quelle,European Synchrotron Radiation Facility – Extremely Brilliant source,ESRF-EBS,ESRF-EBS,European Synchrotron Radiation Facility – Extremely Brilliant source,European Synchrotron Radiation Facility – Extremely Brilliant source,,/esrf,"/accelerator/synchrotron/,/accelerator/synchrotron/booster-synchrotron",/facility/accelerator-based-facility/photon-source/synchrotron-light-source/4th-generation,electrons,operation,2020,2040,/esrf,FR,checked,/accelerator-application/science-application/photon-science,,,
/ess,02: in prereview,,,Europäische Spallationsquelle,European Spallation Source,ESS,ESS,European Spallation Source,European Spallation Source,,,/accelerator/linac/,/facility/accelerator-based-facility/neutron-source/spallation-neutron-source,ions,construction,2023,,/ess,SE,checked,/accelerator-application/science-application/neutron-science,,,
/eu-xfel,01: in preparation,,,Europäische Freie-Elektronen-Röntgenlaseranlage,European X-Ray Free-Electron Laser Facility,European XFEL,European XFEL,,,,,/accelerator/linac/,/facility/accelerator-based-facility/photon-source/free-electron-laser/,electrons,operation,2017,2030,/eu-xfel,DE,checked,/accelerator-application/science-application/photon-science,,,
/eu-xfel__1.5,02: in prereview,,,European XFEL 1.5,European XFEL 1.5,European XFEL 1.5,European XFEL 1.5,,,,/eu-xfel,/accelerator/linac/,/facility/accelerator-based-facility/photon-source/free-electron-laser/,electrons,designing,2025,2029,/eu-xfel,DE,,/accelerator-application/science-application/photon-science,,,
/eu-xfel__2.0,02: in prereview,,,European XFEL 2.0,European XFEL 2.0,European XFEL 2.0,European XFEL 2.0,,,,/eu-xfel,/accelerator/linac/,/facility/accelerator-based-facility/photon-source/free-electron-laser/,electrons,designing,2030,2040,/eu-xfel,DE,,/accelerator-application/science-application/photon-science,,,
/eupraxia,01: in preparation,,,Europäischer Plasma-Forschungsbeschleuniger,European Plasma Research Accelerator with eXcellence In Applications ,EuPRAXIA,EuPRAXIA,,,,,,,electrons,conceptionally-designed,,,,,,/accelerator-application/science-application/accelerator-science,/accelerator-application/science-application/photon-science,,
/fair,01: in preparation,,,Forschungsanlage für Antiprotonen und Ionen,Facility for Antiproton and Ion Research,FAIR,FAIR,,,,,,,ions,construction,2022,2029,/fair,DE,checked,/accelerator-application/science-application/hadron-physics,,,
/fair/cr,02: in prereview,,,Collector Ring,Collector Ring,CR,CR,,,/fair,,/accelerator/storage-ring/,,,construction,,,/fair,,,/accelerator-application/science-application/hadron-physics,,,
/fair/esr,01: in preparation,,,Experimentierspeicherring ,Experimental Storage Ring,ESR,ESR,,,/fair,,/accelerator/storage-ring/,,,construction,,,/fair,,,/accelerator-application/science-application/hadron-physics,,,
/fair/hept,02: in prereview,,,HEPT,HEPT,,,,,/fair,,,,,construction,,,/fair,,,/accelerator-application/science-application/hadron-physics,,,
/fair/hesr,02: in prereview,,,Hochenergiespeicherring,HESR,HESR,HESR,"Hochenergiespeicherring HESR für Antiprotonen im Energiebereich zwischen 0,83 GeV und 14 GeV",High-energy storage ring HESR for antiprotons in the energy range between 0.83 GeV and 14 GeV,/fair,,/accelerator/storage-ring/,,,construction,,,/fair,,,/accelerator-application/science-application/hadron-physics,,,
/fair/p-bar,02: in prereview,,,PBAR,PBAR,,,,,/fair,,,,,construction,,,/fair,,,/accelerator-application/science-application/hadron-physics,,,
/fair/p-linac,02: in prereview,,, proton linac ,Proton linear accelerator ,PLINAC,PLINAC,"P-LINAC liefert die Protonen für die internationale Beschleunigeranlage FAIR in Darmstadt. Dieser Beschleuniger besteht aus einer Protonenquelle, einem RFQ und einem Raumtemperatur-CH-Driftröhren-Linac für Beschleunigungen von bis zu 70 MeV.","P-LINAC provides the protons for the international accelerator facility FAIR in Darmstadt. This accelerator consists of a proton source, an RFQ and a room temperature CH drift tube linac for accelerations of up to 70 MeV.",/fair,,,,,construction,,,/fair,,,/accelerator-application/science-application/hadron-physics,,,
/fair/sis18,02: in prereview,,,Schwerionensynchrotron,Heavy-ion synchrotron,SIS18,SIS18,,,/fair,,"/accelerator/synchrotron/,/accelerator/synchrotron/booster-synchrotron",,,,,,/fair,,,/accelerator-application/science-application/hadron-physics,,,
/fair/sis100,02: in prereview,,,Schwerionensynchrotron,Heavy-ion synchrotron,SIS100,SIS100,,,/fair,,"/accelerator/synchrotron/,/accelerator/synchrotron/booster-synchrotron",,,,,,/fair,,,/accelerator-application/science-application/hadron-physics,,,
/fair/super-frs,01: in preparation,,,Supraleitender Fragment-Trenner,Super-conducting Fragment Separator,Super-FRS,Super-FRS,"Der Superconducting FRagment Separator (Super-FRS) wird der leistungsstärkste In-Flight-Separator der Welt sein. Seltene Isotope aller Elemente bis hin zum Uran werden bei relativistischen Energien erzeugt und innerhalb weniger hundert Nanosekunden räumlich getrennt, was die Untersuchung sehr kurzlebiger Kerne ermöglicht.","The Superconducting FRagment Separator (Super-FRS) will be the most powerful in-flight separator in the world. Rare isotopes of all elements up to uranium will be produced at relativistic energies and spatially separated within a few hundred nanoseconds, allowing the study of very short-lived nuclei.",/fair,,,,,,,,/fair,,,/accelerator-application/science-application/hadron-physics,,,
/fair/unilac,01: in preparation,,,Universeller Linearbeschleuniger,Universal Linear Accelerator,UNILAC,UNILAC,"UNILAC (Universal Linear Accelerator) ist der Name eines Schwerionenbeschleunigers am GSI Helmholtzzentrum für Schwerionenforschung in Darmstadt. Das „Universal“ im Namen weist darauf hin, dass die Anlage Ionen aller Massenzahlen von Wasserstoff bis Uran beschleunigen kann. Mit Hilfe des UNILAC wurden unter anderem erstmals die Elemente Bohrium (Bh, 107), Hassium (Hs, 108), Meitnerium (Mt, 109), Darmstadtium (Ds, 110), Roentgenium (Rg, 111) und Copernicium (Cn, 112) synthetisiert.","UNILAC (Universal Linear Accelerator) is the name of a heavy ion accelerator at the GSI Helmholtz Centre for Heavy Ion Research in Darmstadt. The ‘Universal’ in the name indicates that the facility can accelerate ions of all mass numbers from hydrogen to uranium. With the help of UNILAC, the elements Bohrium (Bh, 107), Hassium (Hs, 108), Meitnerium (Mt, 109), Darmstadtium (Ds, 110), Roentgenium (Rg, 111) and Copernicium (Cn, 112), among others, were synthesised for the first time.",/fair,,/accelerator/linac/,,,,,,/fair,,,/accelerator-application/science-application/hadron-physics,,,
/fcc,02: in prereview,,,Zukünftiger Ringkollider,Future Circular Collider,FCC,FCC,Future Circular Collider (ee),Future Circular Collider (ee),,,/accelerator/storage-ring/,/facility/accelerator-based-facility/particle-collider/circular-particle-collider,electrons,conceptionally-designed,2038,2053,/cern,CH,,/accelerator-application/science-application/high-energy-physics,,,
/fcc-ee,02: in prereview,,,Zukünftiger Elektronen-Positronen-Ringkollider,Future Circular Collider (ee),FCC-ee,FCC-ee,Future Circular Collider (ee),Future Circular Collider (ee),,/fcc,,/facility/accelerator-based-facility/particle-collider/circular-particle-collider,electrons,conceptionally-designed,2038,2053,/cern,CH,,/accelerator-application/science-application/high-energy-physics,,,
/fcc-hh,01: in preparation,,,Zukünftiger Hadronen-Ringkollider,Future Circular Collider (hh),FCC-hh,FCC-hh,Future Circular Collider (hh),Future Circular Collider (hh),,/fcc,,/facility/accelerator-based-facility/particle-collider/circular-particle-collider,ions,conceptionally-designed,2063,2088,/cern,CH,,/accelerator-application/science-application/high-energy-physics,,,
/flash,01: in preparation,,,Freie-Elektronen-Laser in Hamburg,Free electron-laser in Hamburg,FLASH,FLASH,Free electron-laser in Hamburg,Free electron-laser in Hamburg,,,/accelerator/linac/,/facility/accelerator-based-facility/photon-source/free-electron-laser/,electrons,operation,2005,2019,/desy,DE,,/accelerator-application/science-application/photon-science,/accelerator-application/science-application/accelerator-science,,
/flash1+flash2,01: in preparation,,,Freie-Elektronen-Laser in Hamburg,Free electron-laser in Hamburg,FLASH 1+2,FLASH 1+2,Free electron-laser in Hamburg,Free electron-laser in Hamburg,,/flash,/accelerator/linac/,,electrons,operation,2005,2024,/desy,DE,checked,/accelerator-application/science-application/photon-science,/accelerator-application/science-application/accelerator-science,,
/flash2020+,02: in prereview,,,Freie-Elektronen-Laser in Hamburg,Free electron-laser in Hamburg,FLASH 2020+,FLASH 2020+,Free electron-laser in Hamburg,Free electron-laser in Hamburg,,/flash,,,electrons,construction,2025,2035,/desy,DE,,/accelerator-application/science-application/accelerator-science,/accelerator-application/science-application/accelerator-science,,
/flashforward,02: in prereview,,,Zukunftsweisende Plasmabeschleuniger-Forschung und -Entwicklung bei FLASH,Future-Oriented Wakefield Accelerator Research and Developement at FLASH,FLASHForward,FLASHForward,"Testinfrastruktur für teilchenstrahlgetriebene Plasma-Wakefield-Beschleunigungsexperimente, die darauf abzielen, in einigen Zentimetern ionisiertem Wasserstoff Elektronenstrahlen mit Energien von mehr als 1,5 GeV und einer ausreichenden Qualität für den Betrieb eines Freie-Elektronen-Lasers zu erzeugen","Testinfrastruktur für teilchenstrahlgetriebene Plasma-Wakefield-Beschleunigungsexperimente, die darauf abzielen, in einigen Zentimetern ionisiertem Wasserstoff Elektronenstrahlen mit Energien von mehr als 1,5 GeV und einer ausreichenden Qualität für den Betrieb eines Freie-Elektronen-Lasers zu erzeugen",/fair,,,,electrons,operation,2018,,/desy,DE,,/accelerator-application/science-application/accelerator-science,,,
/franz,02: in prereview,,,Neutronenquelle Frankfurt,Frankfurt Neutron Source,FRANZ,FRANZ,RFQ-IH-based high-current proton accelerator to produce a very intense neutron beam,RFQ-IH-based high-current proton accelerator to produce a very intense neutron beam,,,,,protons,,,,/uni-frankfurt,DE,,,,https://exp-astro.physik.uni-frankfurt.de/index.php?id=expFRANZ,
/hbns,01: in preparation,,,Hochbrillante Neutronenquelle,High Brilliance Neutron Source,HBNS,HBNS,High Brilliance Neutron Source,High Brilliance Neutron Source,,,/accelerator/linac/,/facility/accelerator-based-facility/neutron-source/compact-accelerator-based-neutron-source,ions,designing,,,/fz-juelich,DE,,/accelerator-application/science-application/neutron-science,,,
/hit,01: in preparation,,,Heidelberger Ionenstrahl-Therapiezentrum ,Heidelberg Ion Beam Therapy Centre ,,,Heidelberger Ionenstrahl-Therapiezentrum ,Heidelberger Ionenstrahl-Therapiezentrum ,,,,/facility/accelerator-based-facility/medical-facility/,ions,operation,2009,,,DE,,/accelerator-application/medical-application/,,,
/hzdr-ibc,01: in preparation,,,Ionenstrahlzentrum ,Ion Beam Center ,IBC,IBC,,,,,,,ions,operation,,,/hzdr,DE,checked,,,,
/ilc,01: in preparation,,,Internationaler Linearbeschleuniger,International Linear Collider,ILC,ILC,,,,,,,electrons,technically-designed,2040,2060,,JP,,/accelerator-application/science-application/high-energy-physics,,,
/jeti,01: in preparation,,, Jena Titanium:sapphire 40 TW Laser,Jena Titanium:sapphire 40 TW Laser,(Laser) JETI,(Laser) JETI,,,,,,,,operation,,,,DE,,/accelerator-application/science-application/accelerator-science,,,
/kaldera,01: in preparation,,,KALDERA,KALDERA,KALDERA,KALDERA,Laser zum Betrieb eines Laser-Plasma-Beschleunigers mit ultraschnellen Laserpulsen von 100 TW Spitzenleistung und bis zu 1 kHz Wiederholrate. Projektstart: 2020. ,Laser zum Betrieb eines Laser-Plasma-Beschleunigers mit ultraschnellen Laserpulsen von 100 TW Spitzenleistung und bis zu 1 kHz Wiederholrate. Projektstart: 2020. ,,,,,,operation,,,,DE,,/accelerator-application/science-application/accelerator-science,,,
/kara,01: in preparation,,,Karlsruhe Research Accelerator,Karlsruhe Research Accelerator,KARA,KARA,Elektronenspeicherring für die Beschleuniger- und Detektorforschung (ehemals ANKA-Speicherring),Elektronenspeicherring für die Beschleuniger- und Detektorforschung (ehemals ANKA-Speicherring),/kit-atp,,"/accelerator/synchrotron/,/accelerator/synchrotron/booster-synchrotron",,electrons,operation,2000,,/kit,DE,,/accelerator-application/science-application/accelerator-science,/accelerator-application/science-application/photon-science,,
/kit-atp,01: in preparation,,,KIT Accelerator Technology Platform,KIT Accelerator Technology Platform,KIT ATP,KIT ATP,,,/athena,,,,,operation,,,/kit,DE,,/accelerator-application/science-application/accelerator-science,,,
/lux,01: in preparation,,,LUX,LUX,LUX,LUX,Testanlage für die Entwicklung eines laserplasmagestützten Injektors für Synchrotronlichtquellen,Testanlage für die Entwicklung eines laserplasmagestützten Injektors für Synchrotronlichtquellen,,,,,electrons,operation,,,,DE,,/accelerator-application/science-application/accelerator-science,,,
/mami,01: in preparation,,, Mainzer Mikrotron,Mainzer Mikrotron,MAMI,MAMI,,,,,,,electrons,operation,1979,,/uni-mainz,DE,,/accelerator-application/science-application/hadron-physics,/accelerator-application/science-application/accelerator-science,,
/mcf,01: in preparation,,,Magnet Characterization Facilities,Magnet Characterization Facilities,MCF,MCF,"Das MCF umfasst Prüfstände für supraleitende, normalleitende und permanentmagnetische Systeme bei Raumtemperatur, in flüssigem Helium (LHe) und ohne Kryogen.","Das MCF umfasst Prüfstände für supraleitende, normalleitende und permanentmagnetische Systeme bei Raumtemperatur, in flüssigem Helium (LHe) und ohne Kryogen.",/kit-atp,,,,,,,,,DE,,/accelerator-application/science-application/accelerator-science,,,
/mesa,01: in preparation,,,Mainz Energy-Recovering Superconducting Accelerator,Mainz Energy-Recovering Superconducting Accelerator,MESA,MESA,,,,,/accelerator/erl,,electrons,construction,2023,2030,/uni-mainz,DE,,/accelerator-application/science-application/hadron-physics,/accelerator-application/science-application/accelerator-science,https://www.mesa.uni-mainz.de/#teilchenbeschleuniger,
/mit,01: in preparation,,,Marburger Ionenstrahl-Therapiezentrum ,Marburger Ionenstrahl-Therapiezentrum ,,,Marburger Ionenstrahl-Therapiezentrum ,Marburger Ionenstrahl-Therapiezentrum ,,,,,ions,operation,2015,,,DE,,/accelerator-application/medical-application/,,,
/mls,01: in preparation,,,Metrology Light Source,Metrology Light Source,MLS,MLS,Metrology Light Source,Metrology Light Source,,,/accelerator/storage-ring/,/facility/accelerator-based-facility/photon-source/synchrotron-light-source,electrons,operation,2004,,/hzb,DE,,/accelerator-application/metrology,,,
/petra,01: in preparation,,,PETRA,PETRA,PETRA,PETRA,,,,,,,electrons,decommissioned,,,/desy,DE,,/accelerator-application/science-application/photon-science,,,
/petra__petra-3,01: in preparation,,,PETRA III,PETRA III,PETRA III,PETRA III,,,,/petra,"/accelerator/synchrotron/,/accelerator/synchrotron/booster-synchrotron",/facility/accelerator-based-facility/photon-source/synchrotron-light-source/3rd-generation,electrons,operation,2000,2025,/desy,DE,checked,/accelerator-application/science-application/photon-science,,,
/petra__petra-4,01: in preparation,,,PETRA IV,PETRA IV,PETRA IV,PETRA IV,,,,/petra,"/accelerator/synchrotron/,/accelerator/synchrotron/booster-synchrotron",/facility/accelerator-based-facility/photon-source/synchrotron-light-source/4th-generation,electrons,conceptionally-designed,2027,2040,/desy,DE,,/accelerator-application/science-application/photon-science,,,
/phelix,02: in prereview,,,PW-class laser PHELIX with dedicated plasma accelerator,PW-class laser PHELIX with dedicated plasma accelerator,(LASER) PHELIX,(LASER) PHELIX,,,,,,,,operation,2008,,,DE,,/accelerator-application/science-application/accelerator-science,,,
/plasmedx,02: in prereview,,,Plasmabasierte lasergetriebene Röntgenquelle für die medizinische Bildgebung ,Plasma-based laser-driven X-ray source for medical imaging ,PLASMED X,PLASMED X,,,,,,,electrons,operation,,,,DE,,/accelerator-application/medical-application/,,,
/polaris,01: in preparation,,,Petawatt-Laserverstärker für strahlungsintensive Experimente,Petawatt Optical Laser Amplifier for Radiation Intensive ExperimentS,POLARIS,,,,,,,,,,,,,,,/accelerator-application/science-application/accelerator-science,,,
/regae,02: in prereview,,,Relativistische Elektronenquelle für die Untersuchung von Atomen ,Relativistic Electron Gun for Atomic Exploration ,REGAE,REGAE,,,,,,,electrons,operation,2011,,/desy,DE,,/accelerator-application/science-application/hadron-physics,,,
/s-dalinac,01: in preparation,,,Supraleitender Linearbeschleuniger in Darmstadt,Superconducting-DArmstadt-LINear-ACcelerator,S-DALINAC,S-DALINAC,"Supraleitender Elektronenbeschleuniger, der sowohl im Dauerstrich- als auch im Energierückgewinnungs-Modus betrieben werden kann. ","Supraleitender Elektronenbeschleuniger, der sowohl im Dauerstrich- als auch im Energierückgewinnungs-Modus betrieben werden kann. ",,,/accelerator/erl,,electrons,operation,1991,,/tu-darmstadt,DE,,/accelerator-application/science-application/accelerator-science,,,
/supralab,02: in prereview,,,"Testinfrastruktur für Beschleuniger, supraleitende Hochfrequenzsysteme und kryogene Anwendungen","Test infrastructure for accelerator devices, superconducting radio-frequency systems and cryogenic applications",Supralab,Supralab,Testinfrastruktur für supraleitende Hochfrequenzsysteme,Testinfrastruktur für supraleitende Hochfrequenzsysteme,,,,,,operation,2017,,/hzb,DE,,/accelerator-application/science-application/accelerator-science,,,
/uni-jena-ibc,01: in preparation,,,Ionenstrahlzentrum Uni Jena,Ion Beam Centre University of Jena,,,,,,,/accelerator/linac/,,,,,,/uni-jena,,,,,,
/uptd,01: in preparation,,,Universitäts Protonen Therapie Dresden,University Proton Therapy Dresden,UPTD,UPTD,Universitäts-Protonen-Therapie Dresden,Universitäts-Protonen-Therapie Dresden,,,/accelerator/linac/,/facility/accelerator-based-facility/medical-facility/beam-therapy/proton-beam-therapy,ions,operation,2014,,,DE,,/accelerator-application/medical-application/,,,
/wpe,02: in prereview,,,Westdeutsches Protonentherapiezentrum Essen,West German Proton Therapy Centre Essen,WPE,WPE,Westdeutsches Protonentherapiezentrum Essen,Westdeutsches Protonentherapiezentrum Essen,,,/accelerator/linac/,/facility/accelerator-based-facility/medical-facility/beam-therapy/proton-beam-therapy,ions,operation,2013,,,DE,,/accelerator-application/medical-application/,,,