id,meta.type,meta.reviewStatus,meta.reviewLog,meta.reviewedBy,meta.parentId,meta.localId,label.fullName.de,label.fullName.en,label.abbreviatedName.de,label.abbreviatedName.en,label.acronym.de,label.acronym.en,description.de,description.en,head,links.homepage.de,links.homepage.en,headLiteral,partOf,meta.organizationalLevel,peopleCount.uniqueProfessors.physicist.female,peopleCount.uniqueProfessors.physicist.male,peopleCount.uniqueProfessors.physicist.other,peopleCount.uniqueProfessors.engineer.female,peopleCount.uniqueProfessors.engineer.male,peopleCount.uniqueProfessors.engineer.other,peopleCount.uniqueProfessors.other.female,peopleCount.uniqueProfessors.other.male,peopleCount.uniqueProfessors.other.other,peopleCount.uniqueSeniorResearchers.physicist.female,peopleCount.uniqueSeniorResearchers.physicist.male,peopleCount.uniqueSeniorResearchers.physicist.other,peopleCount.uniqueSeniorResearchers.engineer.female,peopleCount.uniqueSeniorResearchers.engineer.male,peopleCount.uniqueSeniorResearchers.engineer.other,peopleCount.uniqueSeniorResearchers.other.female,peopleCount.uniqueSeniorResearchers.other.male,peopleCount.uniqueSeniorResearchers.other.other,peopleCount.uniquePostDocs.physicist.female,peopleCount.uniquePostDocs.physicist.male,peopleCount.uniquePostDocs.physicist.other,peopleCount.uniquePostDocs.engineer.female,peopleCount.uniquePostDocs.engineer.male,peopleCount.uniquePostDocs.engineer.other,peopleCount.uniquePostDocs.other.female,peopleCount.uniquePostDocs.other.male,peopleCount.uniquePostDocs.other.other,peopleCount.uniquePhdStudents.physicist.female,peopleCount.uniquePhdStudents.physicist.male,peopleCount.uniquePhdStudents.physicist.other,peopleCount.uniquePhdStudents.engineer.female,peopleCount.uniquePhdStudents.engineer.male,peopleCount.uniquePhdStudents.engineer.other,peopleCount.uniquePhdStudents.other.female,peopleCount.uniquePhdStudents.other.male,peopleCount.uniquePhdStudents.other.other,peopleCount.uniqueMasterStudents.physicist.female,peopleCount.uniqueMasterStudents.physicist.male,peopleCount.uniqueMasterStudents.physicist.other,peopleCount.uniqueMasterStudents.engineer.female,peopleCount.uniqueMasterStudents.engineer.male,peopleCount.uniqueMasterStudents.engineer.other,peopleCount.uniqueMasterStudents.other.female,peopleCount.uniqueMasterStudents.other.male,peopleCount.uniqueMasterStudents.other.other,peopleCount.uniqueBachelorStudents.physicist.female,peopleCount.uniqueBachelorStudents.physicist.male,peopleCount.uniqueBachelorStudents.physicist.other,peopleCount.uniqueBachelorStudents.engineer.female,peopleCount.uniqueBachelorStudents.engineer.male,peopleCount.uniqueBachelorStudents.engineer.other,peopleCount.uniqueBachelorStudents.other.female,peopleCount.uniqueBachelorStudents.other.male,peopleCount.uniqueBachelorStudents.other.other
/him/acid,/organization/working-group,01: in preparation,,aulenbacher.kurt,/him,acid,Abteilung: Accelerator Design and Integrated Detectors,Section: Accelerator Design and Integrated Detectors,HIM/ACID,HIM/ACID,,,,,aulenbacher.kurt,https://www.hi-mainz.de/research/research-sections/acid-accelerator-integrated-detector,https://www.hi-mainz.de/research/research-sections/acid-accelerator-integrated-detector,,/him,05 working group,,,,,,,,,,,,,,,,,,,,,,,,,,,,,,,,,,,,,,,,,,,,,,,,,,,,,,
/hzdr/ionenstrahlphysik-materialforschung/bmi,/organization/working-group,01: in preparation,,helm.manfred,/hzdr/ionenstrahlphysik-materialforschung,bmi,Abteilung: Beschleuniger-Massenspektrometrie und Isotopenforschung,Department: Accelerator mass spectrometry and isotope research,BMI,BMI,,,,,,https://www.hzdr.de/db/Cms?pNid=1061,https://www.hzdr.de/db/Cms?pNid=1061,Prof. Dr. Anton Wallner,/hzdr,05 working group,0,,,0,0,,,,,0,0,0,0,0,0,,,,0,0,0,0,0,0,,,,0,0,0,0,0,0,,,,0,0,0,0,0,0,,,,0,0,0,0,0,0,,,
/uni-erlangen/physik-department/laser-physics/achip,/organization/working-group,01: in preparation,,hommelhoff.peter,/uni-erlangen/physik-department/laser-physics,achip,Gruppe: Accelerator on a Chip International Program,Group: Accelerator on a Chip International Program,ACHIP,ACHIP,,,,,hommelhoff.peter,,,,/uni-erlangen,05 working group,3,,,,,,,,,3,3,3,3,3,3,,,,16,16,16,16,16,16,,,,0,0,0,0,0,0,,,,6,6,6,6,6,6,,,,1,1,1,1,1,1,,,
/hzb/be/ia/aot,/organization/working-group,01: in preparation,,jankowiak.andreas,/hzb/be/ia,aot,Gruppe: Beschleunigerbetrieb und -technologie,Group: Accelerator Operation and Technology,AOT,AOT,,,,,,https://www.helmholtz-berlin.de/forschung/oe/be/operation-accelerator/index_en.html,https://www.helmholtz-berlin.de/forschung/oe/be/operation-accelerator/index_en.html,Dr. Andreas Schälicke,/hzb,05 working group,0,,,0,0,,,,,0,0,0,0,0,0,,,,0,0,0,0,0,0,,,,0,0,0,0,0,0,,,,0,0,0,0,0,0,,,,0,0,0,0,0,0,,,
/hzb/be/ia/ard,/organization/working-group,01: in preparation,,jankowiak.andreas,/hzb/be/ia,ard,Gruppe: Beschleunigerforschung und -entwicklung,Group: Accelerator Operation and Technology,ARD,ARD,,,,,jankowiak.andreas,https://www.helmholtz-berlin.de/forschung/oe/be/accelerator/index_en.html,https://www.helmholtz-berlin.de/forschung/oe/be/accelerator/index_en.html,,/hzb,05 working group,0,,,0,0,,,,,0,0,0,0,0,0,,,,0,0,0,0,0,0,,,,0,0,0,0,0,0,,,,0,0,0,0,0,0,,,,0,0,0,0,0,0,,,
/hzb/be/ia,/organization/formal-organization/sub-department,01: in preparation,,jankowiak.andreas,/hzb/be,ia,"Abteilung: Beschleuniger - Betrieb, Entwicklung und Technologie","Department: Accelerator Operation, Development and Technology - Operation BESSY II / MLS",IA,IA,,,,,jankowiak.andreas,https://www.helmholtz-berlin.de/forschung/oe/be/accelerator/index_en.html,https://www.helmholtz-berlin.de/forschung/oe/be/accelerator/index_en.html,,/hzb,03 working group cluster,1,1,,1,1,,1,1,,1,1,1,1,1,1,1,1,1,0,0,0,0,0,0,0,0,0,0,0,0,0,0,0,0,0,0,0,0,0,0,0,0,0,0,0,0,0,0,0,0,0,0,0,0
/gsi/acc,/organization/formal-organization/department,01: in preparation,,aßmann.ralph,/gsi,acc,Bereich: Beschleuniger & Betrieb,Accelerator Operations,ACC,ACC,,,,,,,,,/gsi,03 working group cluster,,,,,,,,,,,,,,,,,,,,,,,,,,,,,,,,,,,,,,,,,,,,,,,,,,,,,,
/hzb/be,/organization/formal-organization/department,01: in preparation,,jankowiak.andreas,/hzb,be,Bereich: Bechleuniger,Division: Accelerators,BE,BE,,,,,jankowiak.andreas,https://www.helmholtz-berlin.de/forschung/oe/be/index_de.html,https://www.helmholtz-berlin.de/forschung/oe/be/index_de.html,,/hzb,03 working group cluster,0,0,,0,0,,0,0,,0,0,0,0,0,0,0,0,0,0,0,0,0,0,0,0,0,0,0,0,0,0,0,0,0,0,0,0,0,0,0,0,0,0,0,0,0,0,0,0,0,0,0,0,0
/hzdr/strahlenphysik/laser-teilenchen-beschleunigung/anwendung,/organization/working-group,01: in preparation,,schramm.ullrich,/hzdr/strahlenphysik/laser-teilenchen-beschleunigung,anwendung,Abteilung: Anwendungs­orien­tier­te Laser-Teilchenbeschleuni­gung,Department: Application-orientated laser particle acceleration,,,,,,,,,,Josefine Metzkes-Ng,/hzdr,05 working group,0,,,0,0,,,,,0,0,0,0,0,0,,,,0,0,0,0,0,0,,,,0,0,0,0,0,0,,,,0,0,0,0,0,0,,,,0,0,0,0,0,0,,,
/gsi/acc/aco/app,/organization/working-group,01: in preparation,,aßmann.ralph,/gsi/acc/aco,app,Gruppe: Applikationen,Applications Group,ACC/ACO/APP,ACC/ACO/APP,,,,,,https://www.gsi.de/work/gesamtprojektleitung_fair/commons/control_systems/ap,https://www.gsi.de/work/gesamtprojektleitung_fair/commons/control_systems/ap,,/gsi,05 working group,,,,,,,,,,,,,,,,,,,,,,,,,,,,,,,,,,,,,,,,,,,,,,,,,,,,,,
/uni-jena/hochfeldphysik-und-laserbeschleuniger,/organization/formal-organization/sub-department,01: in preparation,,,/uni-jena,hochfeldphysik-und-laserbeschleuniger,Gruppe: Hochfeldphysik und Laserbeschleuniger,Group: Hochfeldphysik und Laserbeschleuniger,,,,,,,,,,,/uni-jena,03 working group cluster,,,,,,,,,,,,,,,,,,,,,,,,,,,,,,,,,,,,,,,,,,,,,,,,,,,,,,
/uni-erlangen/physik-department/laser-physics,/organization/formal-organization/sub-department,01: in preparation,,hommelhoff.peter,/uni-erlangen/physik-department,laser-physics,Lehrstuhl für Laserphysik ,Chair of Laser Physics,FAU,FAU,,,,,hommelhoff.peter,,,,/uni-erlangen,03 working group cluster,0,0,,0,0,,0,0,,1,1,1,1,1,1,1,1,1,0,0,0,0,0,0,0,0,0,0,0,0,0,0,0,0,0,0,0,0,0,0,0,0,0,0,0,0,0,0,0,0,0,0,0,0
/hzdr/strahlenphysik/laser-teilenchen-beschleunigung/computergestuetzte-strahlenphysik,/organization/working-group,01: in preparation,,schramm.ullrich,/hzdr/strahlenphysik/laser-teilenchen-beschleunigung,computergestuetzte-strahlenphysik,Abteilung: Computergestützte Strahlenphysik,Department: Computer-aided radiation physics,,,,,,,,,,Michael Bussmann,/hzdr,05 working group,0,,,0,0,,,,,0,0,0,0,0,0,,,,0,0,0,0,0,0,,,,0,0,0,0,0,0,,,,0,0,0,0,0,0,,,,0,0,0,0,0,0,,,
/hzdr/strahlenphysik/hibef/bau-und-inbetriebnahme,/organization/working-group,01: in preparation,,schramm.ullrich,/hzdr/strahlenphysik/hibef,bau-und-inbetriebnahme,Abteilung: Bau und Inbetriebnahme von HIBEF,Department: Construction and commissioning of HIBEF,,,,,"Das Ziel des Helmholtz International Beamline for Extreme Fields (HIBEF) Nutzer Konsortiums ist der Aufbau und der Betrieb unterschiedlicher Experimente an der High Energy Density (HED) Beamline des europäischen XFEL (X-Ray Free-Electron Laser) mit weltweit einzigartigen ultrakurzen und extrem lichtstarken Röntgenblitzen. Es ist als internationales Nutzer-Konsortium organisiert, um das höchste wissenschaftliche und technische Niveau der bereitgestellten Ausrüstung zu gewährleisten, die wiederum allen Wissenschaftlern zur Verfügung stehen. Im Fokus des Interesses steht die Physik der Hochenergiedichte, die Plasmaphysik, Geowissenschaft der Planeten, Hochdruckphysik und Physik der starken Felder, Magnetismus und korrelierte Elektronensysteme sowie Dynamik von Materialien.","The aim of the Helmholtz International Beamline for Extreme Fields (HIBEF) user consortium is to set up and operate various experiments at the High Energy Density (HED) beamline of the European XFEL (X-Ray Free-Electron Laser) with worldwide unique ultrashort and extremely powerful X-ray flashes. It is organised as an international user consortium to ensure the highest scientific and technical level of the equipment provided, which in turn is available to all scientists. The focus of interest is on the physics of high energy density, plasma physics, planetary geoscience, high pressure physics and strong field physics, magnetism and correlated electron systems as well as the dynamics of materials.",,,,PD Dr. Toma Toncian,/hzdr,05 working group,0,,,0,0,,,,,0,0,0,0,0,0,,,,0,0,0,0,0,0,,,,0,0,0,0,0,0,,,,0,0,0,0,0,0,,,,0,0,0,0,0,0,,,
/fep/eb/cebst,/organization/working-group,01: in preparation,,,/fep/eb,cebst,Spezielle EB-Systeme und Technologien,Customized EB Systems and Technologies,FEP-CEBST,FEP-CEBST,,,,,,https://www.fep.fraunhofer.de/de/Geschaeftsfelder/EST.html,https://www.fep.fraunhofer.de/en/Geschaeftsfelder/EST.html,Prof. Dr. Gösta Mattausch,/fep,03 working group cluster,,,,,,,,,,,,,,,,,,,,,,,,,,,,,,,,,,,,,,,,,,,,,,,,,,,,,,
/gsi/acc/aph,/organization/formal-organization/sub-department,01: in preparation,,aßmann.ralph,/gsi/acc,aph,Abteilung: Beschleunigerphysik,Department Accelerator physics,ACC/APH,ACC/APH,,,,,boine-frankenheim.oliver,https://www.gsi.de/work/gesamtprojektleitung_fair/beschleunigerphysik,https://www.gsi.de/en/work/project_management_fair/accelerator_physics,,/gsi,05 working group,,,,,,,,,,,,,,,,,,,,,,,,,,,,,,,,,,,,,,,,,,,,,,,,,,,,,,
/gsi/acc/bea,/organization/working-group,01: in preparation,,aßmann.ralph,/gsi/acc,bea,Abteilung: Strahldiagnose,Department Beam Diagnostics,ACC/BEA,ACC/BEA,,,,,,https://www.gsi.de/work/gesamtprojektleitung_fair/commons/beam_instrumentation,https://www.gsi.de/en/work/project_management_fair/commons/beam_instrumentation,,/gsi,05 working group,,,,,,,,,,,,,,,,,,,,,,,,,,,,,,,,,,,,,,,,,,,,,,,,,,,,,,
/gsi/acc/aco,/organization/formal-organization/sub-department,01: in preparation,,aßmann.ralph,/gsi/acc,aco,Abteilung Kontrollsysteme,Department Control systems,ACC/ACO,ACC/ACO,,,,,,https://www.gsi.de/work/project_management_fair/commons/control-systems,https://www.gsi.de/en/work/project_management_fair/commons/control-systems,,/gsi,04 intermediate level,,,,,,,,,,,,,,,,,,,,,,,,,,,,,,,,,,,,,,,,,,,,,,,,,,,,,,
/gsi/acc/cry,/organization/working-group,01: in preparation,,aßmann.ralph,/gsi/acc,cry,Abteilung:  Kryogenik,Department Cryogenics,ACC/CRY,ACC/CRY,,,,,,https://www.gsi.de/work/gesamtprojektleitung_fair/commons/cryogenics,https://www.gsi.de/en/work/project_management_fair/commons/cryogenics,,/gsi,05 working group,,,,,,,,,,,,,,,,,,,,,,,,,,,,,,,,,,,,,,,,,,,,,,,,,,,,,,
/gsi/acc/dec,/organization/working-group,01: in preparation,,aßmann.ralph,/gsi/acc,dec,Abteilung: Decceleratoren ,Department Decelerators,ACC/DEC,ACC/DEC,,,,,,https://www.gsi.de/work/beschleunigerbetrieb/abteilungen/deceleratoren,https://www.gsi.de/en/work/accelerator_operations/departments/decelerators,,/gsi,05 working group,,,,,,,,,,,,,,,,,,,,,,,,,,,,,,,,,,,,,,,,,,,,,,,,,,,,,,
/gsi/acc/eps,/organization/working-group,01: in preparation,,aßmann.ralph,/gsi/acc,eps,Abteilung: Elektrische Energiesysteme,Department Electric power systems,ACC/EPS,ACC/EPS,,,,,,,,,/gsi,05 working group,,,,,,,,,,,,,,,,,,,,,,,,,,,,,,,,,,,,,,,,,,,,,,,,,,,,,,
/gsi/acc/ios,/organization/formal-organization/sub-department,01: in preparation,,aßmann.ralph,/gsi/acc,ios,Abteilung: Ionenquellen,Department Ion source department,ACC/IOS,ACC/IOS,,,,,,https://www.gsi.de/work/beschleunigerbetrieb/abteilungen/ionenquellen,https://www.gsi.de/en/work/accelerator_operations/departments/ion_sources,,/gsi,04 intermediate level,,,,,,,,,,,,,,,,,,,,,,,,,,,,,,,,,,,,,,,,,,,,,,,,,,,,,,
/gsi/acc/lin,/organization/working-group,01: in preparation,,aßmann.ralph,/gsi/acc,lin,Abteilung: Linac,Department Linac,ACC/LIN,ACC/LIN,,,,,,https://www.gsi.de/work/beschleunigerbetrieb/abteilungen/ope/mitarbeiter,https://www.gsi.de/work/beschleunigerbetrieb/abteilungen/ope/mitarbeiter,,/gsi,05 working group,,,,,,,,,,,,,,,,,,,,,,,,,,,,,,,,,,,,,,,,,,,,,,,,,,,,,,
/gsi/acc/ncm,/organization/working-group,01: in preparation,,aßmann.ralph,/gsi/acc,ncm,Abteilung: NC Magnete & Alignment,Department NC Magnets & Alignment,ACC/NCM,ACC/NCM,,,,,,https://www.gsi.de/work/gesamtprojektleitung_fair/commons/engineering/nc_magnets_alignment,https://www.gsi.de/en/work/project_management_fair/commons/engineering/nc_magnets_and_alignment,,/gsi,05 working group,,,,,,,,,,,,,,,,,,,,,,,,,,,,,,,,,,,,,,,,,,,,,,,,,,,,,,
/hzdr/strahlenphysik/laser-teilenchen-beschleunigung,/organization/formal-organization/sub-department,01: in preparation,,schramm.ullrich,/hzdr/strahlenphysik,laser-teilenchen-beschleunigung,Abteilung: Laser-Teilchenbeschleunigung ,Department of Laser Particle Acceleration ,,,,,,,schramm.ullrich,https://www.hzdr.de/db/Cms?pNid=1483,https://www.hzdr.de/db/Cms?pNid=1483,,/hzdr,03 working group cluster,0,0,,0,0,,0,0,,0,0,0,0,0,0,0,0,0,0,0,0,0,0,0,0,0,0,0,0,0,0,0,0,0,0,0,0,0,0,0,0,0,0,0,0,0,0,0,0,0,0,0,0,0
/hzdr/strahlenphysik/kernphysik,/organization/formal-organization/sub-department,01: in preparation,,schramm.ullrich,/hzdr/strahlenphysik,kernphysik,Abteilung: Kernphysik,Department of Nuclear Physics,,,,,,,,https://www.hzdr.de/db/Cms?pNid=212,https://www.hzdr.de/db/Cms?pNid=212,Dr. Andreas Wagner,/hzdr,03 working group cluster,0,0,,0,0,,0,0,,0,0,0,0,0,0,0,0,0,0,0,0,0,0,0,0,0,0,0,0,0,0,0,0,0,0,0,0,0,0,0,0,0,0,0,0,0,0,0,0,0,0,0,0,0
/uni-erlangen/physik-department,/organization/formal-organization/department,01: in preparation,,hommelhoff.peter,/uni-erlangen,physik-department,Department Physik,Department of Physics ,,,,,,,,,,,/uni-erlangen,03 working group cluster,0,0,,0,0,,0,0,,0,0,0,0,0,0,0,0,0,0,0,0,0,0,0,0,0,0,0,0,0,0,0,0,0,0,0,0,0,0,0,0,0,0,0,0,0,0,0,0,0,0,0,0,0
/gsi/acc/ope,/organization/formal-organization/sub-department,01: in preparation,,aßmann.ralph,/gsi/acc,ope,Abteilung: Betrieb,Department Operation,ACC/OPE,ACC/OPE,,,,,ralph.hollinger,https://www.gsi.de/work/beschleunigerbetrieb/abteilungen/ope/mitarbeiter,https://www.gsi.de/work/beschleunigerbetrieb/abteilungen/ope/mitarbeiter,,/gsi,05 working group,,,,,,,,,,,,,,,,,,,,,,,,,,,,,,,,,,,,,,,,,,,,,,,,,,,,,,
/hzdr/strahlenphysik/elbe,/organization/working-group,01: in preparation,,schramm.ullrich,/hzdr/strahlenphysik,elbe,Abteilung: Strahlungsquelle ELBE,Department: Radiation Source ELBE,,,,,,,,https://www.hzdr.de/db/Cms?pNid=145,https://www.hzdr.de/db/Cms?pNid=145,Dr. Andreas Wagner,/hzdr,05 working group,0,,,0,0,,,,,0,0,0,0,0,0,,,,0,0,0,0,0,0,,,,0,0,0,0,0,0,,,,0,0,0,0,0,0,,,,0,0,0,0,0,0,,,
/gsi/acc/lrf,/organization/working-group,01: in preparation,,aßmann.ralph,/gsi/acc,lrf,Abteilung: UNILAC RF,Department UNILAC RF,ACC/LRF,ACC/LRF,,,,,,https://www.gsi.de/work/beschleunigerbetrieb/abteilungen/ope/mitarbeiter,https://www.gsi.de/work/beschleunigerbetrieb/abteilungen/ope/mitarbeiter,,/gsi,05 working group,,,,,,,,,,,,,,,,,,,,,,,,,,,,,,,,,,,,,,,,,,,,,,,,,,,,,,
/gsi/acc/bco,/organization/working-group,01: in preparation,,aßmann.ralph,/gsi/acc,bco,Abteilung: Strahlkühlung,Department Vacuum systems,ACC/BCO,ACC/BCO,,,,,,https://www.gsi.de/work/beschleunigerbetrieb/abteilungen/strahlkuehlung,https://www.gsi.de/en/work/accelerator_operations/departments/beam_cooling,,/gsi,05 working group,,,,,,,,,,,,,,,,,,,,,,,,,,,,,,,,,,,,,,,,,,,,,,,,,,,,,,
/hzdr/strahlenphysik/kernphysik/detektorenentwicklung,/organization/working-group,01: in preparation,,schramm.ullrich,/hzdr/strahlenphysik/kernphysik,detektorenentwicklung,Abteilung: Detektorentwick­lung für die Grund­lagen­for­schung,Department: Detector development for basic research,,,,,,,,,,Prof. Dr. Daniel Bemmerer,/hzdr,05 working group,0,,,0,0,,,,,0,0,0,0,0,0,,,,0,0,0,0,0,0,,,,0,0,0,0,0,0,,,,0,0,0,0,0,0,,,,0,0,0,0,0,0,,,
/cfel/ufox/dla,/organization/working-group,01: in preparation,,kärtner.franz-x.,/cfel/ufox,dla,Team: Dielectric Laser Acceleration,Team: Dielectric Laser Acceleration,UFOX-DLA,UFOX-DLA,,,,,,https://ufox.cfel.de/research/dielectric_laser_accelerators/,https://ufox.cfel.de/research/dielectric_laser_accelerators/,,/cfel,05 working group,,,,,,,,,,,,,,,,,,,,,,,,,,,,,,,,,,,,,,,,,,,,,,,,,,,,,,
/hzdr/strahlenphysik/laser-teilenchen-beschleunigung/penelope,/organization/working-group,01: in preparation,,schramm.ullrich,/hzdr/strahlenphysik/laser-teilenchen-beschleunigung,penelope,Abteilung: PEnELOPE,Department: Diodengepump­ter PW Laser PENELOPE,,,,,"Penelope steht für die Entwicklung eines energieeffizienten Hochleistungslasers, der mit Hilfe der Diodenlasertechnologie Petawatt Spitzenleistung mit hoher Pulsenergie und hoher Pulswiederholrate verbindet. Perspektivisch soll das System für die Laser-Ionenbeschleunigung optimiert werden.","Penelope stands for the development of an energy-efficient high-power laser that uses diode laser technology to combine petawatt peak power with high pulse energy and a high pulse repetition rate. petawatt peak power with high pulse energy and a high pulse repetition rate. In the future, the system will be be optimised for laser ion acceleration.",,,,PEnELOPE Team,/hzdr,05 working group,0,,,0,0,,,,,0,0,0,0,0,0,,,,0,0,0,0,0,0,,,,0,0,0,0,0,0,,,,0,0,0,0,0,0,,,,0,0,0,0,0,0,,,
/gsi/acc/aco/fec,/organization/working-group,01: in preparation,,aßmann.ralph,/gsi/acc/aco,fec,Gruppe: Front-End Control,Front-End Control Group,ACC/ACO/FEC,ACC/ACO/FEC,,,,,,https://www.gsi.de/work/gesamtprojektleitung_fair/commons/control_systems/fe,,,/gsi,05 working group,,,,,,,,,,,,,,,,,,,,,,,,,,,,,,,,,,,,,,,,,,,,,,,,,,,,,,
/gsi/acc/aco/hel,/organization/working-group,01: in preparation,,aßmann.ralph,/gsi/acc/aco,hel,Gruppe: Hardware und Elektronik ,Group Electronics,ACC/ACO/HEL,ACC/ACO/HEL,,,,,,https://www.gsi.de/work/gesamtprojektleitung_fair/commons/control_systems/hw,https://www.gsi.de/en/work/project_management_fair/commons/control-systems/hel-group,,/gsi,05 working group,,,,,,,,,,,,,,,,,,,,,,,,,,,,,,,,,,,,,,,,,,,,,,,,,,,,,,
/uni-bonn/pi/elsa,/organization/working-group,01: in preparation,,desch.klaus,/uni-bonn/pi,elsa,Gruppe ELSA,Group ELSA,ELSA,ELSA,,,,,,http://www3.uni-bonn.de/the-university,https://www.pi.uni-bonn.de/elsa/en/elsa-1?set_language=en,,/uni-bonn,05 working group,,,,,,,,,,,,,,,,,,,,,,,,,,,,,,,,,,,,,,,,,,,,,,,,,,,,,,
/kit/division-5/ibpt/ardop2/id,/organization/working-group,01: in preparation,,härer.bastian,/kit/division-5/ibpt/ardop2,id,Gruppe: Insertion Devices,Group: Insertion Devices,ID,ID,,,,,,https://www.ibpt.kit.edu/d2_ID.php,https://www.ibpt.kit.edu/d2_ID.php,Prof. Dr.-Ing. Steffen Grohmann,/kit,05 working group,0,,,0,0,,,,,4,4,4,4,4,4,,,,0,0,0,0,0,0,,,,0,0,0,0,0,0,,,,0,0,0,0,0,0,,,,0,0,0,0,0,0,,,
/hzdr/strahlenphysik/hibef,/organization/formal-organization/sub-department,01: in preparation,,schramm.ullrich,/hzdr/strahlenphysik,hibef,Abteilung: Helmholtz International Beamline für extreme Felder,Department: Helmholtz International Beamline for Extreme Fields,,,,,"Das Ziel des Helmholtz International Beamline for Extreme Fields (HIBEF) Nutzerkonsortiums ist es, verschiedene Experimente an der High Energy Density (HED) Beamline des europäischen XFEL (X-Ray Free-Electron Laser) mit weltweit einzigartigen ultrakurzen und extrem hellen Röntgenblitzen aufzubauen und zu betreiben. Sie ist als internationales Nutzerkonsortium organisiert, um das höchste wissenschaftliche und technische Niveau der zur Verfügung gestellten Anlagen zu gewährleisten, die wiederum allen Wissenschaftlern zur Verfügung stehen. Die Forschungsschwerpunkte liegen in den Bereichen Hochenergiedichtephysik, Plasmaphysik, planetare Geowissenschaften, Hochdruckphysik und Physik starker Felder, Magnetismus und korrelierte Elektronensysteme sowie Materialdynamik.","The aim of the Helmholtz International Beamline for Extreme Fields (HIBEF) user consortium is to set up and operate various experiments at the High Energy Density (HED) beamline of the European XFEL (X-Ray Free-Electron Laser) with globally unique ultrashort and extremely bright X-ray flashes. It is organised as an international user consortium to ensure the highest scientific and technical level of the facilities provided, which in turn are available to all scientists. Research focuses on high-energy density physics, plasma physics, planetary geosciences, high-pressure physics and strong field physics, magnetism and correlated electron systems as well as material dynamics.",cowan.thomas,,,,/hzdr,03 working group cluster,0,0,,0,0,,0,0,,0,0,0,0,0,0,0,0,0,0,0,0,0,0,0,0,0,0,0,0,0,0,0,0,0,0,0,0,0,0,0,0,0,0,0,0,0,0,0,0,0,0,0,0,0
/hzdr/strahlenphysik/hibef/hibef-2,/organization/working-group,01: in preparation,,schramm.ullrich,/hzdr/strahlenphysik/hibef,hibef-2,Abteilung: HIBEF 2.0,Department: HIBEF 2.0,,,,,,,,,,,/hzdr,05 working group,0,,,0,0,,,,,0,0,0,0,0,0,,,,0,0,0,0,0,0,,,,0,0,0,0,0,0,,,,0,0,0,0,0,0,,,,0,0,0,0,0,0,,,
/hzdr/strahlenphysik/hibef/laser-systeme,/organization/working-group,01: in preparation,,schramm.ullrich,/hzdr/strahlenphysik/hibef,laser-systeme,HIBEF LasersystemeAbteilung: ,Department: HIBEF Laser Systems,,,,,,,,,,,/hzdr,05 working group,0,,,0,0,,,,,0,0,0,0,0,0,,,,0,0,0,0,0,0,,,,0,0,0,0,0,0,,,,0,0,0,0,0,0,,,,0,0,0,0,0,0,,,
/hzb/be/ahbb,/organization/working-group,01: in preparation,,jankowiak.andreas,/hzb/be,ahbb,Abteilung: Hochbrillante Elektonenstrahlen,Department: High Brightness Beams,HBB,HBB,,,,,kamps.thorsten,https://www.helmholtz-berlin.de/forschung/oe/be/high-brightness-beams/index_en.html,https://www.helmholtz-berlin.de/forschung/oe/be/high-brightness-beams/index_en.html,,/hzb,05 working group,1,,,1,1,,,,,1,1,1,1,1,1,,,,1,1,1,1,1,1,,,,5,5,5,5,5,5,,,,0,0,0,0,0,0,,,,0,0,0,0,0,0,,,
/hzb/be/ia/hp,/organization/working-group,01: in preparation,,jankowiak.andreas,/hzb/be/ia,hp,Gruppe: Hochbrillante Photonenstrahlen,Group: High Brightness Photon Beams,HBPB,HBPB,,,,,meseck.atoosa,https://www.helmholtz-berlin.de/forschung/oe/be/accelerator/gia-hbpb/index_en.html,https://www.helmholtz-berlin.de/forschung/oe/be/accelerator/gia-hbpb/index_en.html,Prof. Dr. Atoosa Meseck,/hzb,05 working group,,,,,,,,,,,,,,,,,,,,,,,,,,,,,,,,,,,,,,,,,,,,,,,,,,,,,,
/fz-juelich/jcns/jcns-2/hbs,/organization/working-group,01: in preparation,,,/fz-juelich/jcns/jcns-2,hbs,High Brilliance Neutron Source,High Brilliance Neutron Source,FZJ-HBS,FZJ-HBS,,,,,,https://www.fz-juelich.de/de/jcns/jcns-2/leistungen/high-brilliance-neutron-source,https://www.fz-juelich.de/en/jcns/jcns-2/expertise/high-brilliance-neutron-source,Paul Zakalek,/fz-juelich,03 working group cluster,,,,,,,,,,,,,,,,,,,,,,,,,,,,,,,,,,,,,,,,,,,,,,,,,,,,,,
/gsi/acc/aph/hc,/organization/working-group,01: in preparation,,aßmann.ralph,/gsi/acc/aph,hc,Gruppe: Hochstrom-Gruppe,Group: High current group,ACC/IOS/HC,ACC/IOS/HC,,,,,,https://www.gsi.de/work/beschleunigerbetrieb/abteilungen/ope/mitarbeiter,https://www.gsi.de/work/beschleunigerbetrieb/abteilungen/ope/mitarbeiter,,/gsi,05 working group,,,,,,,,,,,,,,,,,,,,,,,,,,,,,,,,,,,,,,,,,,,,,,,,,,,,,,
/hzdr/strahlenphysik/hed,/organization/working-group,01: in preparation,,schramm.ullrich,/hzdr/strahlenphysik,hed,Abteilung: High Energy Density,Department: High Energy Density,,,,,,,cowan.thomas,https://www.hzdr.de/db/Cms?pNid=248,https://www.hzdr.de/db/Cms?pNid=248,,/hzdr,05 working group,0,,,0,0,,,,,2,2,2,2,2,2,,,,6,6,6,6,6,6,,,,4,4,4,4,4,4,,,,0,0,0,0,0,0,,,,0,0,0,0,0,0,,,
/hzdr/strahlenphysik/laser-teilenchen-beschleunigung/draco,/organization/working-group,01: in preparation,,schramm.ullrich,/hzdr/strahlenphysik/laser-teilenchen-beschleunigung,draco,Abteilung: Hochleis­tungs­laser DRACO,Department: High power laser DRACO,,,,,"Mit dem kontinuierlich weiterentwickelten Ultrakurzpuls-Hochleistungslaser DRACO steht ein für die Laserteilchenbeschleunigung maßgeschneidertes 150 Terawatt / Petawatt Zweistrahlsystem mit dedizierter Diagnostik zur Verfügung, das in zwei unabhängigen Messumgebungen eingesetzt werden kann.","The DRACO ultrashort pulse high-power laser, which is being continuously developed, is a 150 terawatt / petawatt dual-beam system with dedicated diagnostics that is customised for laser particle acceleration and can be used in two independent measurement environments.",schramm.ullrich,,,,/hzdr,05 working group,0,,,0,0,,,,,0,0,0,0,0,0,,,,0,0,0,0,0,0,,,,0,0,0,0,0,0,,,,0,0,0,0,0,0,,,,0,0,0,0,0,0,,,
/hzdr/radioonkologie/hochpraezisions-protonentherapie,/organization/working-group,01: in preparation,,krause.mechthild,/hzdr/radioonkologie,hochpraezisions-protonentherapie,Abteilung: Hochpräzisions-Protonen­therapie,Department: High-precision proton therapy,,,,,,,,https://www.hzdr.de/db/Cms?pNid=906,https://www.hzdr.de/db/Cms?pNid=906, Prof. Christian Richter,/hzdr,05 working group,0,,,0,0,,,,,0,0,0,0,0,0,,,,0,0,0,0,0,0,,,,0,0,0,0,0,0,,,,0,0,0,0,0,0,,,,0,0,0,0,0,0,,,
/gsi/acc/aco/ind,/organization/working-group,01: in preparation,,aßmann.ralph,/gsi/acc/aco,ind,Gruppe: Industrielle Steuerung ,Industrial Controls Group,ACC/ACO/IND,ACC/ACO/IND,,,,,,https://www.gsi.de/work/gesamtprojektleitung_fair/commons/control_systems/ind,https://www.gsi.de/en/work/project_management_fair/commons/control-systems/ind-group,,/gsi,05 working group,,,,,,,,,,,,,,,,,,,,,,,,,,,,,,,,,,,,,,,,,,,,,,,,,,,,,,
/hzdr/strahlenphysik,/organization/formal-organization/department,01: in preparation,,schramm.ullrich,/hzdr,strahlenphysik,Institut für Strahlenphysik,Institute for Radiation Physics,,,,,,,"schramm.ullrich,cowan.thomas",https://www.hzdr.de/db/Cms?pNid=132&pLang=de,https://www.hzdr.de/db/Cms?pNid=132&pLang=de,,/hzdr,03 working group cluster,0,0,,0,0,,0,0,,0,0,0,0,0,0,0,0,0,0,0,0,0,0,0,0,0,0,0,0,0,0,0,0,0,0,0,0,0,0,0,0,0,0,0,0,0,0,0,0,0,0,0,0,0
/hzdr/radiopharmazeutische-krebsforschung,/organization/formal-organization/department,01: in preparation,,kopka.klaus,/hzdr,radiopharmazeutische-krebsforschung,Institut für Radiopharmazeutische Krebsforschung,Institute for Radiopharmaceutical Cancer Research,,,,,,,kopka.klaus,https://www.hzdr.de/db/Cms?pNid=130,https://www.hzdr.de/db/Cms?pNid=130,,/hzdr,03 working group cluster,0,0,,0,0,,0,0,,0,0,0,0,0,0,0,0,0,0,0,0,0,0,0,0,0,0,0,0,0,0,0,0,0,0,0,0,0,0,0,0,0,0,0,0,0,0,0,0,0,0,0,0,0
/hzdr/ionenstrahlphysik-materialforschung,/organization/formal-organization/department,01: in preparation,,helm.manfred,/hzdr,ionenstrahlphysik-materialforschung,Institut für Ionenstrahlphysik und Materialforschung,Institute of Ion Beam Physics and Material­s Research,,,,,,,,https://www.hzdr.de/db/Cms?pOid=10625&pNid=141&pLang=de,https://www.hzdr.de/db/Cms?pOid=10625&pNid=141&pLang=de,,/hzb,03 working group cluster,0,0,,0,0,,0,0,,0,0,0,0,0,0,0,0,0,0,0,0,0,0,0,0,0,0,0,0,0,0,0,0,0,0,0,0,0,0,0,0,0,0,0,0,0,0,0,0,0,0,0,0,0
/hzdr/radioonkologie,/organization/formal-organization/department,01: in preparation,,krause.mechthild,/hzdr,radioonkologie,Institut für Radioonkologie,Institute of Radiooncology ,,,,,,,krause.mechthild,https://www.hzdr.de/db/Cms?pNid=3011,https://www.hzdr.de/db/Cms?pNid=3011,,/hzdr,03 working group cluster,0,0,,0,0,,0,0,,0,0,0,0,0,0,0,0,0,0,0,0,0,0,0,0,0,0,0,0,0,0,0,0,0,0,0,0,0,0,0,0,0,0,0,0,0,0,0,0,0,0,0,0,0
/hzdr/ionenstrahlphysik-materialforschung/ionenstrahlzentrum,/organization/working-group,01: in preparation,,helm.manfred,/hzdr/ionenstrahlphysik-materialforschung,ionenstrahlzentrum,Abteilung: Ionen­strahl­zentrum,Department: Ion beam centre,,,,,,,,https://www.hzdr.de/db/Cms?pNid=2689,https://www.hzdr.de/db/Cms?pNid=2689,,/hzdr,05 working group,0,,,0,0,,,,,0,0,0,0,0,0,,,,0,0,0,0,0,0,,,,0,0,0,0,0,0,,,,0,0,0,0,0,0,,,,0,0,0,0,0,0,,,
/hzdr/strahlenphysik/laser-teilenchen-beschleunigung/lib,/organization/working-group,01: in preparation,,schramm.ullrich,/hzdr/strahlenphysik/laser-teilenchen-beschleunigung,lib,Abteilung: Laser-Ionenbeschleunigung,Department: Laser ion acceleration,,,,,,,,,,Karl Zeil,/hzdr,05 working group,0,,,0,0,,,,,0,0,0,0,0,0,,,,0,0,0,0,0,0,,,,0,0,0,0,0,0,,,,0,0,0,0,0,0,,,,0,0,0,0,0,0,,,
/hzdr/strahlenphysik/laser-teilenchen-beschleunigung/leb,/organization/working-group,01: in preparation,,schramm.ullrich,/hzdr/strahlenphysik/laser-teilenchen-beschleunigung,leb,Abteilung: Laser-Elek­tronen­ Beschleuni­gung,Department: Laser-electron acceleration,,,,,,,,,,Arie Irman,/hzdr,05 working group,0,,,0,0,,,,,0,0,0,0,0,0,,,,0,0,0,0,0,0,,,,0,0,0,0,0,0,,,,0,0,0,0,0,0,,,,0,0,0,0,0,0,,,
/hzdr/radioonkologie/medizinphysik,/organization/working-group,01: in preparation,,krause.mechthild,/hzdr/radioonkologie,medizinphysik,Abteilung: Medizinische Strahlen­physik,Department: Medical radiation physics,,,,,,,,https://www.hzdr.de/db/Cms?pNid=561,https://www.hzdr.de/db/Cms?pNid=561, Prof. Christian Richter,/hzdr,05 working group,0,,,0,0,,,,,0,0,0,0,0,0,,,,0,0,0,0,0,0,,,,0,0,0,0,0,0,,,,0,0,0,0,0,0,,,,0,0,0,0,0,0,,,
/gsi/acc/aco/inn,/organization/working-group,01: in preparation,,aßmann.ralph,/gsi/acc/aco,inn,Gruppe: Netzwerke und Infrastruktur,Networks and IT-Infrastructure Group,ACC/ACO/INN,ACC/ACO/INN,,,,,,https://www.gsi.de/work/gesamtprojektleitung_fair/commons/control_systems/in,https://www.gsi.de/en/work/project_management_fair/commons/control_systems/in,,/gsi,05 working group,,,,,,,,,,,,,,,,,,,,,,,,,,,,,,,,,,,,,,,,,,,,,,,,,,,,,,
/hzdr/strahlenphysik/kernphysik/nukleare-astrophysik,/organization/working-group,01: in preparation,,schramm.ullrich,/hzdr/strahlenphysik/kernphysik,nukleare-astrophysik,Abteilung: Nukleare Astrophysik,Department: Nuclear Astrophysics,,,,,,,,,,Prof. Dr. Daniel Bemmerer,/hzdr,05 working group,0,,,0,0,,,,,0,0,0,0,0,0,,,,0,0,0,0,0,0,,,,0,0,0,0,0,0,,,,0,0,0,0,0,0,,,,0,0,0,0,0,0,,,
/hzdr/strahlenphysik/kernphysik/kernphysikalische-daten,/organization/working-group,01: in preparation,,schramm.ullrich,/hzdr/strahlenphysik/kernphysik,kernphysikalische-daten,Abteilung: Kernphysikalische Daten für Wissen­schaft und Technik,Department: Nuclear physics data for science and technology,,,,,,,,,,Prof. Dr. Daniel Bemmerer,/hzdr,05 working group,0,,,0,0,,,,,0,0,0,0,0,0,,,,0,0,0,0,0,0,,,,0,0,0,0,0,0,,,,0,0,0,0,0,0,,,,0,0,0,0,0,0,,,
/gsi/acc/aph/ope,/organization/working-group,01: in preparation,,aßmann.ralph,/gsi/acc/aph,ope,Gruppe: Betriebsleitung,Group: Operation Department,ACC/OPE,ACC/OPE,,,,,,https://www.gsi.de/work/beschleunigerbetrieb/abteilungen/ope/mitarbeiter,https://www.gsi.de/work/beschleunigerbetrieb/abteilungen/ope/mitarbeiter,,/gsi,05 working group,,,,,,,,,,,,,,,,,,,,,,,,,,,,,,,,,,,,,,,,,,,,,,,,,,,,,,
/hzdr/strahlenphysik/kernphysik/pas,/organization/working-group,01: in preparation,,schramm.ullrich,/hzdr/strahlenphysik/kernphysik,pas,Abteilung: Posi­tronen­-Annihilations-Spektroskopie,Department: Positron annihilation spectroscopy,,,,,,,,,,Dr. Andreas Wagner,/hzdr,05 working group,0,,,0,0,,,,,0,0,0,0,0,0,,,,0,0,0,0,0,0,,,,0,0,0,0,0,0,,,,0,0,0,0,0,0,,,,0,0,0,0,0,0,,,
/hzb/be/apt,/organization/working-group,01: in preparation,,jankowiak.andreas,/hzb/be,apt,Abteilung: Protonentherapie,Department: Protons for Therapy,PT,PT,,,,,,https://www.helmholtz-berlin.de/forschung/oe/be/protonentherapie/index_en.html,https://www.helmholtz-berlin.de/forschung/oe/be/protonentherapie/index_en.html,Prof. Dr. Andrea Denker,/hzb,05 working group,1,,,1,1,,,,,2,2,2,2,2,2,,,,0,0,0,0,0,0,,,,1,1,1,1,1,1,,,,0,0,0,0,0,0,,,,0,0,0,0,0,0,,,
/tu-darmstadt/institut-kernphysik/ag-roth,/organization/working-group,01: in preparation,,arnold.michaela,/tu-darmstadt/institut-kernphysik,ag-roth,Gruppe Roth,Group Roth,AGR,AGR,,,Laser- und Plasmaphysik,Laser and plasma physics,markus.roth,https://www.ikp.tu-darmstadt.de/forschung_kernphysik/gruppen_kernphysik/experiment/ag_m_roth/index.de.jsp,,,/tu-darmstadt,05 working group,1,,,,,,,,,1,1,1,,,,,,,1,1,1,1,1,1,,,,11,11,11,11,11,11,,,,2,2,2,2,2,2,,,,2,2,2,2,2,2,,,
/kit/division-5/ibpt/sst,/organization/working-group,01: in preparation,,härer.bastian,/kit/division-5/ibpt,sst,Gruppe: Superconducting System Technology,Research Group Supraleitende Systemtechnologie,SST,SST,,,,,,https://www.ibpt.kit.edu/RG_sst.php,https://www.ibpt.kit.edu/RG_sst.php,Prof. Dr.-Ing. Steffen Grohmann,/kit,05 working group,0,,,0,0,,,,,0,0,0,0,0,0,,,,0,0,0,0,0,0,,,,2,2,2,2,2,2,,,,1,1,1,1,1,1,,,,0,0,0,0,0,0,,,
/hzb/be/ias,/organization/working-group,01: in preparation,,jankowiak.andreas,/hzb/be,ias,Abteilung: Wissenschaft und Technologie von Beschleunigungssystemen,Department: Science and Technology of Accelerating Systems,IAS,IAS,,,,,knobloch.jens,https://www.helmholtz-berlin.de/forschung/oe/be/science-technology-accelerating-systems/index_de.html,https://www.helmholtz-berlin.de/forschung/oe/be/science-technology-accelerating-systems/index_de.html,,/hzb,05 working group,2,,,2,2,,,,,1,1,1,1,1,1,,,,2,2,2,2,2,2,,,,5,5,5,5,5,5,,,,0,0,0,0,0,0,,,,0,0,0,0,0,0,,,
/hzb/wi,/organization/formal-organization/department,01: in preparation,,jankowiak.andreas,/hzb,wi,Bereich: Wissenschaftliche Instrumentierung und Unterstützung,Division: Scientific Instrumentation and Support,WI,WI,,,,,,https://www.helmholtz-berlin.de/forschung/oe/wi/index_en.html,https://www.helmholtz-berlin.de/forschung/oe/wi/index_en.html,,/hzb,03 working group cluster,0,0,,0,0,,0,0,,0,0,0,0,0,0,0,0,0,0,0,0,0,0,0,0,0,0,0,0,0,0,0,0,0,0,0,0,0,0,0,0,0,0,0,0,0,0,0,0,0,0,0,0,0
/hzb/be/ia/srbp,/organization/working-group,01: in preparation,,jankowiak.andreas,/hzb/be/ia,srbp,Gruppe: Speicherringe und Strahlphysik,Group: Storage Rings and Beam Physics,SRBP,SRBP,,,,,,,,Dr. Markus Ries,/hzb,05 working group,0,,,0,0,,,,,1,1,1,1,1,1,,,,0,0,0,0,0,0,,,,0,0,0,0,0,0,,,,0,0,0,0,0,0,,,,0,0,0,0,0,0,,,
/hzdr/strahlenphysik/hibef/starkfeld-qed,/organization/working-group,01: in preparation,,schramm.ullrich,/hzdr/strahlenphysik/hibef,starkfeld-qed,Abteilung: Starkfeld-QED,Department: Strong-field QED,,,,,"Ein typisches Gedankenexperiment ist der Oszillatoreffekt: Wenn ein äußeres elektrisches Feld stark genug ist, um ein virtuelles Teilchen-Antiteilchen-Paar so zu trennen, dass die verrichtete Arbeit der Ruheenergie entspricht, dann wird das Paar aufgrund der Masse-Energie-Äquivalenz real. Materie könnte also aus dem Nichts erzeugt werden.","A typical thought experiment is the oscillator effect: if an external electric field is strong enough to separate a virtual particle-antiparticle pair in such a way that the work performed corresponds to the rest energy, then the pair becomes real due to the mass-energy equivalence. Matter could therefore be created out of nothing.",,,,Dr. Hans-Peter Schlenvoigt,/hzdr,05 working group,0,,,0,0,,,,,0,0,0,0,0,0,,,,0,0,0,0,0,0,,,,0,0,0,0,0,0,,,,0,0,0,0,0,0,,,,0,0,0,0,0,0,,,
/gsi/acc/aco/ser,/organization/working-group,01: in preparation,,aßmann.ralph,/gsi/acc/aco,ser,Gruppe: Systemdienste,System Services Group,ACC/ACO/TOS,ACC/ACO/TOS,,,,,,https://www.gsi.de/work/gesamtprojektleitung_fair/commons/control_systems/software-services-group-ser,https://www.gsi.de/en/work/project_management_fair/commons/control-systems/ser-group,,/gsi,05 working group,,,,,,,,,,,,,,,,,,,,,,,,,,,,,,,,,,,,,,,,,,,,,,,,,,,,,,
/hzdr/radiopharmazeutische-krebsforschung/targetry,/organization/working-group,01: in preparation,,kopka.klaus,/hzdr/radiopharmazeutische-krebsforschung,targetry,"Abteilung: Targetry, Target Chemie und Radiopharmazie","Department: Targetry, target chemistry and radiopharmacy",,,,,,,,https://www.hzdr.de/db/Cms?pNid=1778,https://www.hzdr.de/db/Cms?pNid=1778,Dr. Martin Kreller,/hzdr,05 working group,0,,,0,0,,,,,0,0,0,0,0,0,,,,0,0,0,0,0,0,,,,0,0,0,0,0,0,,,,0,0,0,0,0,0,,,,0,0,0,0,0,0,,,
/cfel/ufox/th,/organization/working-group,01: in preparation,,kärtner.franz-x.,/cfel/ufox,th,Team: Terahertz Acceleration Team,Team: Terahertz Acceleration,UFOX-THz,UFOX-THz,,,,,,https://ufox.cfel.de/research/terahertz_acceleration/,https://ufox.cfel.de/research/terahertz_acceleration/,,/cfel,05 working group,,,,,,,,,,,,,,,,,,,,,,,,,,,,,,,,,,,,,,,,,,,,,,,,,,,,,,
/gsi/acc/aco/tos,/organization/working-group,01: in preparation,,aßmann.ralph,/gsi/acc/aco,tos,Gruppe: Timing,Timing Group,ACC/ACO/TOS,ACC/ACO/TOS,,,,,,https://www.gsi.de/work/gesamtprojektleitung_fair/commons/control_systems/tg,https://www.gsi.de/en/work/gesamtprojektleitung_fair/commons/control_systems/tg,,/gsi,05 working group,,,,,,,,,,,,,,,,,,,,,,,,,,,,,,,,,,,,,,,,,,,,,,,,,,,,,,
/gsi/acc/aph/ecr,/organization/working-group,01: in preparation,,aßmann.ralph,/gsi/acc/aph,ecr,Gruppe: ECR,Group: ECR,ACC/IOS/ECR,ACC/IOS/ECR,,,,,,https://www.gsi.de/work/beschleunigerbetrieb/abteilungen/ope/mitarbeiter,https://www.gsi.de/work/beschleunigerbetrieb/abteilungen/ope/mitarbeiter,,/gsi,05 working group,,,,,,,,,,,,,,,,,,,,,,,,,,,,,,,,,,,,,,,,,,,,,,,,,,,,,,
/cfel/ufox,/organization/formal-organization/department,01: in preparation,,kärtner.franz-x.,/cfel,ufox,Gruppe: Ultrafast Optics and X-rays,Group: Ultrafast Optics and X-rays,UFOX,UFOX,,,,,kärtner.franz-x.,https://ufox.cfel.de/,https://ufox.cfel.de/,,/cfel,03 working group cluster,1,1,,1,1,,1,1,,1,1,1,1,1,1,1,1,1,0,0,0,0,0,0,0,0,0,0,0,0,0,0,0,0,0,0,0,0,0,0,0,0,0,0,0,0,0,0,0,0,0,0,0,0
/hzb/wi/aund,/organization/working-group,01: in preparation,,jankowiak.andreas,/hzb/wi,aund,Gruppe: Undulatoren,Group: Undulators,UND,UND,,,,,meseck.atoosa,https://www.helmholtz-berlin.de/forschung/oe/wi/undulators/index_en.html,https://www.helmholtz-berlin.de/forschung/oe/wi/undulators/index_en.html,Prof. Dr. Atoosa Meseck,/hzb,05 working group,1,,,1,1,,,,,1,1,1,1,1,1,,,,2,2,2,2,2,2,,,,0,0,0,0,0,0,,,,0,0,0,0,0,0,,,,0,0,0,0,0,0,,,
/desy/mbb,/organization/working-group,02: in prereview,,leemans.wim,/desy,mbb,Gruppe Beschleunigerbetrieb,Accelerator Operation Group,DESY-MBB,DESY-MBB,,,,,,https://mbb.desy.de/,https://mbb.desy.de/,,/desy,05 working group,,,,,,,,,,,,,,,,,,,,,,,,,,,,,,,,,,,,,,,,,,,,,,,,,,,,,,
/desy/m/mpy,/organization/working-group,02: in prereview,,leemans.wim,/desy/m,mpy,Gruppe: Beschleunigerphysik,Group: Accelerator physics,DESY-MPY,DESY-MPY,,,,,,https://mpy.desy.de/,https://mpy.desy.de/,Stefan Choroba,/desy,05 working group,,,,,,,,,,,,,,,,,,,,,,,,,,,,,,,,,,,,,,,,,,,,,,,,,,,,,,
/desy/z-beschleunigerphysik,/organization/formal-organization/department,02: in prereview,,leemans.wim,/desy,z-beschleunigerphysik,Beschleunigerphysik Zeuthen ,Accelerator Physics Zeuthen ,DESY-Z-BESCHLEUNIGER,DESY-Z-BESCHLEUNIGER,,,,,leemans.wim,https://www.desy.de/forschung/beschleuniger/index_ger.html,https://www.desy.de/forschung/beschleuniger/index_ger.html,,/desy,03 working group cluster,,,,,,,,,,,,,,,,,,,,,,,,,,,,,,,,,,,,,,,,,,,,,,,,,,,,,,
/kit/division-5/ibpt/ardop1,/organization/formal-organization/sub-department,02: in prereview,,härer.bastian,/kit/division-5/ibpt,ardop1,Abteilung: Beschleuniger-Forschung und -Entwicklung + Betrieb I,Department: Accelerator Research and Development + Operations I,ARD+Op1,ARD+Op1,,,,,fuchs.matthias,https://www.ibpt.kit.edu/d1.php,https://www.ibpt.kit.edu/d1.php,,/kit,03 working group cluster,1,1,,1,1,,1,1,,1,1,1,1,1,1,1,1,1,0,0,0,0,0,0,0,0,0,0,0,0,0,0,0,0,0,0,0,0,0,0,0,0,0,0,0,0,0,0,0,0,0,0,0,0
/kit/division-5/ibpt/ardop2,/organization/formal-organization/sub-department,02: in prereview,,härer.bastian,/kit/division-5/ibpt,ardop2,Abteilung: Beschleuniger-Forschung und -Entwicklung + Betrieb II,Department: Accelerator Research and Development + Operations II,ARD+Op2,ARD+Op2,,,,,bründermann.erik,https://www.ibpt.kit.edu/d2.php,https://www.ibpt.kit.edu/d2.php,,/kit,03 working group cluster,0,0,,0,0,,0,0,,1,1,1,1,1,1,1,1,1,0,0,0,0,0,0,0,0,0,0,0,0,0,0,0,0,0,0,0,0,0,0,0,0,0,0,0,0,0,0,0,0,0,0,0,0
/kit/division-5/ibpt/ardop1/accelerators,/organization/working-group,02: in prereview,,härer.bastian,/kit/division-5/ibpt/ardop1,accelerators,Gruppe: Bechleuniger,Group: Accelerators,Accs,Accs,,,,,,https://www.ibpt.kit.edu/d1.php,https://www.ibpt.kit.edu/d1.php,,/kit,05 working group,0,,,0,0,,,,,1,1,1,1,1,1,,,,0,0,0,0,0,0,,,,0,0,0,0,0,0,,,,0,0,0,0,0,0,,,,0,0,0,0,0,0,,,
/uni-hamburg/min/physik/experimental-physik/ag-hillert/seeding,/organization/working-group,02: in prereview,,hillert.wolfgang,/uni-hamburg/min/physik/experimental-physik/ag-hillert,seeding,Team: Fortgeschrittene Seeding-Techniken für XUV- und Angström-Strahlung,Team: Advanced Seeding Techniques for XUV and Angstrom Radiation,AST,AST,,,,,hillert.wolfgang,,,,/uni-hamburg,05 working group,0,,,,,,,,,2,2,2,2,2,2,,,,2,2,2,2,2,2,,,,0,0,0,0,0,0,,,,0,0,0,0,0,0,,,,0,0,0,0,0,0,,,
/kit/division-5/ibpt/ardop1/thzir,/organization/working-group,02: in prereview,,härer.bastian,/kit/division-5/ibpt/ardop1,thzir,Gruppe: THz/IR-Anwendungen,Applications THz/IR ,ThZIR,ThZIR,,,,,,https://www.ibpt.kit.edu/d1.php,https://www.ibpt.kit.edu/d1.php,,/kit,05 working group,0,,,0,0,,,,,1,1,1,1,1,1,,,,2,2,2,2,2,2,,,,0,0,0,0,0,0,,,,0,0,0,0,0,0,,,,0,0,0,0,0,0,,,
/desy/m/msk,/organization/working-group,02: in prereview,,leemans.wim,/desy/m,msk,Strahlkontrollen,Group: Beam controls,DESY-MSK,DESY-MSK,,,,,,https://msk.desy.de/,https://msk.desy.de/,Holger Schlarb,/desy,05 working group,,,,,,,,,,,,,,,,,,,,,,,,,,,,,,,,,,,,,,,,,,,,,,,,,,,,,,
/kit/division-5/ibpt/ardop1/accelerators/bdt,/organization/working-group,02: in prereview,,härer.bastian,/kit/division-5/ibpt/ardop1/accelerators,bdt,Team: Strahldynamik & Theorie,Team: Beam Dynamics & Theory ,BDT,BDT,,,,,,https://www.ibpt.kit.edu/d1.php,https://www.ibpt.kit.edu/d1.php,,/kit,05 working group,0,,,0,0,,,,,1,1,1,1,1,1,,,,1,1,1,1,1,1,,,,5,5,5,5,5,5,,,,0,0,0,0,0,0,,,,0,0,0,0,0,0,,,
/tu-darmstadt/fb-etit/temf/bp,/organization/formal-organization/sub-department,02: in prereview,,boine-frankenheim.oliver,/tu-darmstadt/fb-etit/temf,bp,Fachgebiet Beschleunigerphysik,Chair of Electromagnetic Field Theory,BP,BP,,,,,boine-frankenheim.oliver,https://www.bp.tu-darmstadt.de/fachgebiet_beschleunigerphysik/index.de.jsp,,,/tu-darmstadt,03 working group cluster,1,1,,1,1,,1,1,,,,,,,,,,,,,,,,,,,,,,,,,,,,,,,,,,,,,,,,,,,,,,
/tu-darmstadt/fb-etit/temf/bp/puma,/organization/working-group,02: in prereview,,boine-frankenheim.oliver,/tu-darmstadt/fb-etit/temf/bp,puma,Gruppe: PUMA,Group: PUMA,PUMA,PUMA,,,"Im Forschungsprojekt PUMA soll eine mobile Penning-Malmberg-Falle gebaut werden, um Antiprotonen vom Speicherring ELENA am CERN zur Anlage ISOLDE zu transportieren. Dort sollen die Antiprotonen mit exotischen Kernen zur Kollision gebracht werden.","In the PUMA research project, a mobile Penning-Malmberg trap is to be built to transport antiprotons from the ELENA storage ring at CERN to the ISOLDE facility. There, the antiprotons are to be brought into collision with exotic nuclei.",,https://www.bp.tu-darmstadt.de/bp_forschung/puma/puma.de.jsp,,,/tu-darmstadt,05 working group,0,,,0,0,,,,,,,,,,,,,,,,,,,,,,,,,,,,,,,,,,,,,,,,,,,,,,,,,
/tu-darmstadt/fb-etit/temf/bt,/organization/formal-organization/sub-department,02: in prereview,,klingbeil.harald,/tu-darmstadt/fb-etit/temf,bt,Fachgebiet Beschleunigertechnik,Chair of Electromagnetic Field Theory,BT,BT,,,,,klingbeil.harald,https://www.bt.tu-darmstadt.de,,,/tu-darmstadt,03 working group cluster,1,1,,1,1,,1,1,,0,0,0,0,0,0,0,0,0,0,0,0,0,0,0,0,0,0,2,2,2,2,2,2,2,2,2,0,0,0,0,0,0,0,0,0,0,0,0,0,0,0,0,0,0
/tu-darmstadt/fb-etit/temf/emft,/organization/formal-organization/sub-department,02: in prereview,,de-gersem.herbert,/tu-darmstadt/fb-etit/temf,emft,Fachgebiet für Theorie Elektromagnetischer Felder,Chair of Electromagnetic Field Theory,EMFT,EMFT,,,,,de-gersem.herbert,https://www.temf.tu-darmstadt.de/emft/home_emft/index.de.jsp,,,/tu-darmstadt,03 working group cluster,,,,,,,,,,,,,,,,,,,,,,,,,,,,,,,,,,,,,,,,,,,,,,,,,,,,,,
/desy/mcs,/organization/working-group,02: in prereview,,leemans.wim,/desy,mcs,Gruppe Kontrollsysteme,Control Systems Group,DESY-MCS,DESY-MCS,,,,,,https://mcs.desy.de/index_eng.html,https://mcs.desy.de/index_eng.html,,/desy,05 working group,,,,,,,,,,,,,,,,,,,,,,,,,,,,,,,,,,,,,,,,,,,,,,,,,,,,,,
/kit/division-5/ibpt/ardop1/accelerators/ci,/organization/working-group,02: in prereview,,härer.bastian,/kit/division-5/ibpt/ardop1/accelerators,ci,Team: Steuerung & Instrumente,Team: Controls & Instrumentation,CI,CI,,,,,,https://www.ibpt.kit.edu/d1.php,https://www.ibpt.kit.edu/d1.php,,/kit,05 working group,0,,,0,0,,,,,1,1,1,1,1,1,,,,0,0,0,0,0,0,,,,0,0,0,0,0,0,,,,0,0,0,0,0,0,,,,0,0,0,0,0,0,,,
/desy/m/mks,/organization/working-group,02: in prereview,,leemans.wim,/desy/m,mks,"Gruppe: Kryogenik, Supraleitung","Group: Cryogenics, superconductivity",DESY-MKS,DESY-MKS,,,,,,https://mks.desy.de/,https://mks.desy.de/,T. Schnautz,/desy,05 working group,,,,,,,,,,,,,,,,,,,,,,,,,,,,,,,,,,,,,,,,,,,,,,,,,,,,,,
/kit/division-5/ibpt/ardop2/drd,/organization/formal-organization/sub-department,02: in prereview,,härer.bastian,/kit/division-5/ibpt/ardop2,drd,Gruppe: Diagnose R&D,Group: Diagnosis R&D,DRD,DRD,,,,,,https://www.ibpt.kit.edu/d2_DRD.php,https://www.ibpt.kit.edu/d2_DRD.php,,/kit,03 working group cluster,0,0,,0,0,,0,0,,1,1,1,1,1,1,1,1,1,0,0,0,0,0,0,0,0,0,0,0,0,0,0,0,0,0,0,0,0,0,0,0,0,0,0,0,0,0,0,0,0,0,0,0,0
/desy/m/mdi,/organization/working-group,02: in prereview,,leemans.wim,/desy/m,mdi,Gruppe: Diagnose und Instrumentierung,Group: Diagnostics and Instrumentation Group,DESY-MDI,DESY-MDI,,,,,,https://mdi.desy.de/,https://mdi.desy.de/,Kay Wittenburg,/desy,05 working group,,,,,,,,,,,,,,,,,,,,,,,,,,,,,,,,,,,,,,,,,,,,,,,,,,,,,,
/desy/m,/organization/formal-organization/department,02: in prereview,,leemans.wim,/desy,m,Bereich: Beschleuniger,Division: Accelerators,DESY-M,DESY-M,,,,,leemans.wim,https://www.desy.de/forschung/beschleuniger/index_ger.html,https://www.desy.de/forschung/beschleuniger/index_ger.html,,/desy,03 working group cluster,,,,,,,,,,,,,,,,,,,,,,,,,,,,,,,,,,,,,,,,,,,,,,,,,,,,,,
/kit/division-5/ibpt/ardop1/accelerators/facilities,/organization/working-group,02: in prereview,,härer.bastian,/kit/division-5/ibpt/ardop1/accelerators,facilities,Team: Anlagen,Team: Facilities,Facs,Facs,,,,,,https://www.ibpt.kit.edu/d1.php,https://www.ibpt.kit.edu/d1.php,,/kit,05 working group,0,,,0,0,,,,,2,2,2,2,2,2,,,,2,2,2,2,2,2,,,,1,1,1,1,1,1,,,,0,0,0,0,0,0,,,,0,0,0,0,0,0,,,
/desy/m/mfl,/organization/working-group,02: in prereview,,leemans.wim,/desy/m,mfl,Gruppe: FLASH,Group: FLASH,DESY-MFL,DESY-MFL,,,,,,https://flash.desy.de/,https://flash.desy.de/,Mathias Vogt,/desy,05 working group,,,,,,,,,,,,,,,,,,,,,,,,,,,,,,,,,,,,,,,,,,,,,,,,,,,,,,
/uni-düsseldorf/mnf/physik/ilp/hidding,/organization/working-group,02: in prereview,,hidding.bernhard,/uni-düsseldorf/mnf/physik/ilp,hidding,Gruppe Hidding,Group Hidding,,,,,,,,,,,/uni-düsseldorf,03 working group cluster,1,1,,1,1,,1,1,,,,,,,,,,,4,4,4,4,4,4,4,4,4,2,2,2,2,2,2,2,2,2,9,9,9,9,9,9,9,9,9,,,,,,,,,
/desy/m/mhf,/organization/working-group,02: in prereview,,leemans.wim,/desy/m,mhf,Gruppe: Hochfrequenztechnik,Group: High-frequency technology,DESY-MHF,DESY-MHF,,,,,,https://mhf.desy.de/,https://mhf.desy.de/,Christos Christou,/desy,05 working group,,,,,,,,,,,,,,,,,,,,,,,,,,,,,,,,,,,,,,,,,,,,,,,,,,,,,,
/desy/m/min,/organization/working-group,02: in prereview,,leemans.wim,/desy/m,min,Gruppe: Injektion,Group: Injection,DESY-MIN,DESY-MIN,,,,,,https://min.desy.de/,https://min.desy.de/,Heiko Ehrlichmann,/desy,05 working group,,,,,,,,,,,,,,,,,,,,,,,,,,,,,,,,,,,,,,,,,,,,,,,,,,,,,,
/tu-darmstadt/fb-etit/temf,/organization/formal-organization/sub-department,02: in prereview,,de-gersem.herbert,/tu-darmstadt/fb-etit,temf,Institut für Teilchenbeschleunigung und Elektromagnetische Felder,Institute for Accelerator Science und Electromagnetic Fields,TEMF,TEMF,,,,,de-gersem.herbert,https://www.temf.tu-darmstadt.de/temf/index.de.jsp,,,/tu-darmstadt,03 working group cluster,,,,,,,,,,,,,,,,,,,,,,,,,,,,,,,,,,,,,,,,,,,,,,,,,,,,,,
/kit/division-5/ibpt,/organization/formal-organization/sub-department,02: in prereview,,härer.bastian,/kit/division-5,ibpt,Institute for Beam Physics and Technology,Institute for Beam Physics and Technology,IBPT,IBPT,,,,,müller.anke-susanne,https://www.ibpt.kit.edu/index.php,https://www.ibpt.kit.edu/index.php,,/kit,03 working group cluster,1,1,,1,1,,1,1,,0,0,0,0,0,0,0,0,0,0,0,0,0,0,0,0,0,0,0,0,0,0,0,0,0,0,0,0,0,0,0,0,0,0,0,0,0,0,0,0,0,0,0,0,0
/desy/m/mls,/organization/working-group,02: in prereview,,leemans.wim,/desy/m,mls,Gruppe: Laser für Plasmabeschleuniger,Group: Lasers for plasma accelerators,DESY-MLS,DESY-MLS,,,,,,https://mpl.desy.de/,https://mpl.desy.de/,Andreas Maier,/desy,05 working group,,,,,,,,,,,,,,,,,,,,,,,,,,,,,,,,,,,,,,,,,,,,,,,,,,,,,,
/desy/m/mea,/organization/working-group,02: in prereview,,leemans.wim,/desy/m,mea,Gruppe: Maschinen- und Experimenteaufbau,Group: Machine and experiment set-up,DESY-MEA,DESY-MEA,,,,,,https://mea.desy.de/,https://mea.desy.de/,Markus Körfer,/desy,05 working group,,,,,,,,,,,,,,,,,,,,,,,,,,,,,,,,,,,,,,,,,,,,,,,,,,,,,,
/kit/division-5/ibpt/ardop2/aac,/organization/working-group,02: in prereview,,härer.bastian,/kit/division-5/ibpt/ardop2,aac,Gruppe: Neue Beschleunigerkonzepte,Group: New Accelerator Concepts ,AAC,AAC,,,,,,https://www.ibpt.kit.edu/d2_AAC.php,https://www.ibpt.kit.edu/d2_AAC.php,,/kit,05 working group,0,,,0,0,,,,,1,1,1,1,1,1,,,,1,1,1,1,1,1,,,,1,1,1,1,1,1,,,,0,0,0,0,0,0,,,,0,0,0,0,0,0,,,
/uni-hamburg/min/physik/experimental-physik/ag-gruener/lux,/organization/working-group,02: in prereview,,grüner.florian,/uni-hamburg/min/physik/experimental-physik/ag-gruener,lux,Team: Neuartige Röntgenlichtquellen basierend auf Plasma-Wakefield-Beschleunigung,Team: Novel X-ray light sources based on plasma-wakefield acceleration,AG Grüner / LUX,AG Grüner / LUX,,,,,grüner.florian,,,,/uni-hamburg,05 working group,0,,,,,,,,,5,5,5,5,5,5,,,,0,0,0,0,0,0,,,,0,0,0,0,0,0,,,,0,0,0,0,0,0,,,,0,0,0,0,0,0,,,
/desy/m/mps,/organization/working-group,02: in prereview,,leemans.wim,/desy/m,mps,Gruppe: Personensicherheitssysteme,Group: Personal safety systems,DESY-MPS,DESY-MPS,,,,,,,,Michael Dressel,/desy,05 working group,,,,,,,,,,,,,,,,,,,,,,,,,,,,,,,,,,,,,,,,,,,,,,,,,,,,,,
/desy/m/mpe,/organization/working-group,02: in prereview,,leemans.wim,/desy/m,mpe,Gruppe: PETRA III,Group: PETRA III,DESY-MPE,DESY-MPE,,,,,,https://mpe.desy.de/,https://mpe.desy.de/,Rainer Wanzenberg,/desy,05 working group,,,,,,,,,,,,,,,,,,,,,,,,,,,,,,,,,,,,,,,,,,,,,,,,,,,,,,
/desy/z-beschleunigerphysik/pitz,/organization/working-group,02: in prereview,,leemans.wim,/desy/z-beschleunigerphysik,pitz,PITZ,PITZ,DESY-ZPITZ,DESY-ZPITZ,,,,,,https://pitz.desy.de/,https://pitz.desy.de/,Frank Stephan,/desy,05 working group,,,,,,,,,,,,,,,,,,,,,,,,,,,,,,,,,,,,,,,,,,,,,,,,,,,,,,
/desy/m/mpa,/organization/working-group,02: in prereview,,leemans.wim,/desy/m,mpa,Gruppe: Plasmabeschleuniger,Group: Plasma accelerators,DESY-MPA,DESY-MPA,,,,,,https://mpl.desy.de/,https://mpl.desy.de/,Andreas Maier,/desy,05 working group,,,,,,,,,,,,,,,,,,,,,,,,,,,,,,,,,,,,,,,,,,,,,,,,,,,,,,
/desy/m/mpc,/organization/working-group,02: in prereview,,leemans.wim,/desy/m,mpc,Gruppe: Stromrichter,Group: Power converters,DESY-MPC,DESY-MPC,,,,,,https://mpc.desy.de/,https://mpc.desy.de/,Hans-Jörg Eckoldt,/desy,05 working group,,,,,,,,,,,,,,,,,,,,,,,,,,,,,,,,,,,,,,,,,,,,,,,,,,,,,,
/desy/m/mkk,/organization/working-group,02: in prereview,,leemans.wim,/desy/m,mkk,"Gruppe: Kraft, Kühlung, Klima","Group: Power, Cooling, Climate",DESY-MKK,DESY-MKK,,,,,,https://mkk.desy.de/,https://mkk.desy.de/,Nadja von Neuhoff,/desy,05 working group,,,,,,,,,,,,,,,,,,,,,,,,,,,,,,,,,,,,,,,,,,,,,,,,,,,,,,
/tu-darmstadt/fb-etit/temf/bp/achip,/organization/working-group,02: in prereview,,boine-frankenheim.oliver,/tu-darmstadt/fb-etit/temf/bp,achip,Gruppe: ACHIP,Group: ACHIP,ACHIP,ACHIP,,,,,boine-frankenheim.oliver,https://www.bp.tu-darmstadt.de/bp_forschung/achip/achip.de.jsp,,,/tu-darmstadt,05 working group,0,,,0,0,,,,,,,,,,,,,,,,,,,,,,,,,,,,,,,,,,,,,,,,,,,,,,,,,
/tu-darmstadt/fb-etit/temf/emft/strahldynamik,/organization/formal-organization/sub-department,02: in prereview,,de-gersem.herbert,/tu-darmstadt/fb-etit/temf/emft,strahldynamik,Gruppe: Strahldynamik,Group: Beam Dynamics,EMFT/SD,EMFT/SD,,,,,,https://www.temf.tu-darmstadt.de/emft/forschung_emft/forschungsgruppen_emft/arbeitsgruppebeamdynamics.de.jsp,,Dr. phil. nat. Wolfgang F.O. Müller,/tu-darmstadt,03 working group cluster,,,,,,,,,,,,,,,,,,,,,,,,,,,,,,,,,,,,,,,,,,,,,,,,,,,,,,
/tu-darmstadt/fb-etit/temf/emft/command,/organization/working-group,02: in prereview,,de-gersem.herbert,/tu-darmstadt/fb-etit/temf/emft,command,Gruppe: Computational Magnet Analysis and Dynamics,Group: Computational Magnet Analysis and Dynamics,COMMAND,COMMAND,,,,,,https://www.temf.tu-darmstadt.de/emft/forschung_emft/forschungsgruppen_emft/computational_magnet_analysis_and_dynamics.de.jsp,,Dr.-Ing. Laura D‘Angelo,/tu-darmstadt,05 working group,,,,,1,,,,,,,,1,1,1,,,,0,0,0,0,0,0,,,,5,5,5,5,5,5,,,,0,0,0,0,0,0,,,,0,0,0,0,0,0,,,
/tu-darmstadt/fb-etit/temf/emft/gekoppelte-systeme,/organization/working-group,02: in prereview,,de-gersem.herbert,/tu-darmstadt/fb-etit/temf/emft,gekoppelte-systeme,Gruppe: Gekoppelte Probleme,Group: Coupled Problems,CP,CP,,,,,,https://www.temf.tu-darmstadt.de/emft/forschung_emft/forschungsgruppen_emft/arbeiitsgruppe_gekoppelte_probleme.de.jsp,,PD Dr. rer. nat. Erion Gjonaj,/tu-darmstadt,05 working group,,,,,1,,,,,,,,1,1,1,,,,0,0,0,0,0,0,,,,5,5,5,5,5,5,,,,0,0,0,0,0,0,,,,0,0,0,0,0,0,,,
/tu-darmstadt/institut-kernphysik/ag-enders,/organization/working-group,02: in prereview,,arnold.michaela,/tu-darmstadt/institut-kernphysik,ag-enders,Gruppe Enders,Group Enders,AGE,AGE,,,Experimentelle und technische Kern- und Beschleunigerphysik,Experimental and technical nuclear and accelerator physics,enders.joachim,https://www.ikp.tu-darmstadt.de/forschung_kernphysik/gruppen_kernphysik/experiment/ag_j_enders/index.en.jsp,,,/tu-darmstadt,05 working group,1,,,,,,,,,0,0,0,,,,,,,2,2,2,2,2,2,,,,3,3,3,3,3,3,,,,2,2,2,2,2,2,,,,3,3,3,3,3,3,,,
/tu-darmstadt/fb-etit/temf/bp/fair,/organization/working-group,02: in prereview,,boine-frankenheim.oliver,/tu-darmstadt/fb-etit/temf/bp,fair,Gruppe: FAIR,Group: FAIR,FAIR,FAIR,,,"Entwicklung und Überprüfung von Computermodellen für Ionenstrahlen, Kollektive Effekte in Ionenstrahlen","Development and testing of computer models for ion beams, collective effects in ion beams",,https://www.bp.tu-darmstadt.de/bp_forschung/fair/fair.en.jsp,,,/tu-darmstadt,05 working group,0,,,0,0,,,,,,,,,,,,,,,,,,,,,,,,,,,,,,,,,,,,,,,,,,,,,,,,,
/tu-darmstadt/fb-etit/temf/bp/light,/organization/working-group,02: in prereview,,boine-frankenheim.oliver,/tu-darmstadt/fb-etit/temf/bp,light,"Gruppe: Laser Ion Generation, Handling and Transport","Group: Laser Ion Generation, Handling and Transport",LIGHT,LIGHT,,,,,,https://www.bp.tu-darmstadt.de/bp_forschung/light/light.de.jsp,,,/tu-darmstadt,05 working group,0,,,0,0,,,,,,,,,,,,,,,,,,,,,,,,,,,,,,,,,,,,,,,,,,,,,,,,,
/tu-darmstadt/institut-kernphysik/ag-obertelli,/organization/working-group,02: in prereview,,arnold.michaela,/tu-darmstadt/institut-kernphysik,ag-obertelli,Gruppe Obertelli,Group Obertelli,AGO,AGO,,,"Grundlagenforschung in den Bereichen Kernstrukturphysik, Quantenphysik und Beschleunigerphysik, Entwicklung und Betrieb von S-DALINAC","Basic research in the fields of nuclear structure physics, quantum physics and accelerator physics, development and operation of S-DALINAC",,https://www.ikp.tu-darmstadt.de/forschung_kernphysik/gruppen_kernphysik/experiment/ag_a_obertelli/index.en.jsp,,Prof. Dr. Alexandre Obertelli,/tu-darmstadt,05 working group,1,,,,,,,,,8,8,8,,,,,,,6,6,6,6,6,6,,,,24,24,24,24,24,24,,,,4,4,4,4,4,4,,,,4,4,4,4,4,4,,,
/tu-darmstadt/institut-kernphysik/ag-pietralla,/organization/working-group,02: in prereview,,arnold.michaela,/tu-darmstadt/institut-kernphysik,ag-pietralla,Gruppe Pietralla,Group Pietralla,AGP,AGP,,,"Grundlagenforschung in den Bereichen Kernstrukturphysik, Quantenphysik und Beschleunigerphysik, Entwicklung und Betrieb von S-DALINAC","Basic research in the fields of nuclear structure physics, quantum physics and accelerator physics, development and operation of S-DALINAC",pietralla.norbert,https://www.ikp.tu-darmstadt.de/forschung_kernphysik/gruppen_kernphysik/experiment/ag_n_pietralla/index.en.jsp,,,/tu-darmstadt,05 working group,1,,,,,,,,,8,8,8,,,,,,,6,6,6,6,6,6,,,,24,24,24,24,24,24,,,,4,4,4,4,4,4,,,,4,4,4,4,4,4,,,
/tu-darmstadt/fb-etit/temf/emft/hochfrequenztechnik,/organization/working-group,02: in prereview,,de-gersem.herbert,/tu-darmstadt/fb-etit/temf/emft,hochfrequenztechnik,Gruppe: Hochfrequenztechnik,Group: High Frequency Technology,HFT,HFT,,,,,,https://www.temf.tu-darmstadt.de/emft/forschung_emft/forschungsgruppen_emft/hochfrequenztechnik_responsive.de.jsp,,Dr.-Ing. Wolfgang Ackermann,/tu-darmstadt,05 working group,,,,,1,,,,,,,,1,1,1,,,,0,0,0,0,0,0,,,,5,5,5,5,5,5,,,,0,0,0,0,0,0,,,,0,0,0,0,0,0,,,
/desy/m/msl,/organization/working-group,02: in prereview,,leemans.wim,/desy/m,msl,Gruppe: Supraleitende Beschleunigertechnologie,Group: Superconducting accelerator technology,DESY-MSL,DESY-MSL,,,,,,https://msl.desy.de/,https://msl.desy.de/,Hans Weise,/desy,05 working group,,,,,,,,,,,,,,,,,,,,,,,,,,,,,,,,,,,,,,,,,,,,,,,,,,,,,,
/uni-hamburg/min/physik/experimental-physik/ag-hillert/srfc,/organization/working-group,02: in prereview,,hillert.wolfgang,/uni-hamburg/min/physik/experimental-physik/ag-hillert,srfc,Team: Supraleitende Hochfrequenz- Resonatoren,Team: Superconducting Radio-Frequency Cavities,SRFC,SRFC,,,,,hillert.wolfgang,,,,/uni-hamburg,05 working group,0,,,,,,,,,2,2,2,2,2,2,,,,0,0,0,0,0,0,,,,0,0,0,0,0,0,,,,0,0,0,0,0,0,,,,0,0,0,0,0,0,,,
/kit/division-5/ibpt/ardop2/drd/ai,/organization/working-group,02: in prereview,,härer.bastian,/kit/division-5/ibpt/ardop2/drd,ai,Team: AI4Accelerators,Team: AI4Accelerators,AI,AI,,,,,,https://www.ibpt.kit.edu/d2_DRD.php,https://www.ibpt.kit.edu/d2_DRD.php,,/kit,05 working group,0,,,0,0,,,,,1,1,1,1,1,1,,,,0,0,0,0,0,0,,,,1,1,1,1,1,1,,,,0,0,0,0,0,0,,,,0,0,0,0,0,0,,,
/kit/division-5/ibpt/ardop2/drd/funkner,/organization/working-group,02: in prereview,,härer.bastian,/kit/division-5/ibpt/ardop2/drd,funkner,Team: Funker,Team: Funker,,,,,,,,https://www.ibpt.kit.edu/d2_DRD.php,https://www.ibpt.kit.edu/d2_DRD.php,,/kit,05 working group,,,,,,,,,,,,,,,,,,,,,,,,,,,,,,,,,,,,,,,,,,,,,,,,,,,,,,
/kit/division-5/ibpt/ardop2/drd/gethmann,/organization/working-group,02: in prereview,,härer.bastian,/kit/division-5/ibpt/ardop2/drd,gethmann,Team: Gethmann,Team: Gethmann,GTHMNN,GTHMNN,,,,,,https://www.ibpt.kit.edu/d2_DRD.php,https://www.ibpt.kit.edu/d2_DRD.php,,/kit,05 working group,0,,,0,0,,,,,0,0,0,0,0,0,,,,1,1,1,1,1,1,,,,0,0,0,0,0,0,,,,0,0,0,0,0,0,,,,0,0,0,0,0,0,,,
/kit/division-5/ibpt/ardop2/id/grau,/organization/working-group,02: in prereview,,härer.bastian,/kit/division-5/ibpt/ardop2/id,grau,Team: Grau,Team: Grau,FNKR,FNKR,,,,,,https://www.ibpt.kit.edu/d2_DRD.php,https://www.ibpt.kit.edu/d2_DRD.php,,/kit,05 working group,0,,,0,0,,,,,1,1,1,1,1,1,,,,0,0,0,0,0,0,,,,1,1,1,1,1,1,,,,0,0,0,0,0,0,,,,0,0,0,0,0,0,,,
/kit/division-5/ibpt/ardop2/aac/team-aac,/organization/working-group,02: in prereview,,härer.bastian,/kit/division-5/ibpt/ardop2/aac,team-aac,Team: AAC,Team: NAC,AAC,AAC,,,Advanced Accelerator Concepts ,,,https://www.ibpt.kit.edu/d2_AAC.php,https://www.ibpt.kit.edu/d2_AAC.php,,/kit,05 working group,0,,,0,0,,,,,1,1,1,1,1,1,,,,1,1,1,1,1,1,,,,1,1,1,1,1,1,,,,0,0,0,0,0,0,,,,0,0,0,0,0,0,,,
/kit/division-5/ibpt/ardop2/drd/nasse,/organization/working-group,02: in prereview,,härer.bastian,/kit/division-5/ibpt/ardop2/drd,nasse,Team: Nasse,Team: Nasse,NSS,NSS,,,,,,https://www.ibpt.kit.edu/d2_DRD.php,https://www.ibpt.kit.edu/d2_DRD.php,,/kit,05 working group,0,,,0,0,,,,,1,1,1,1,1,1,,,,0,0,0,0,0,0,,,,1,1,1,1,1,1,,,,0,0,0,0,0,0,,,,0,0,0,0,0,0,,,
/kit/division-5/ibpt/ardop2/drd/niehues,/organization/working-group,02: in prereview,,härer.bastian,/kit/division-5/ibpt/ardop2/drd,niehues,Team: Niehues,Team: Niehues,NHS,NHS,,,,,,https://www.ibpt.kit.edu/d2_DRD.php,https://www.ibpt.kit.edu/d2_DRD.php,,/kit,05 working group,0,,,0,0,,,,,1,1,1,1,1,1,,,,1,1,1,1,1,1,,,,1,1,1,1,1,1,,,,0,0,0,0,0,0,,,,0,0,0,0,0,0,,,
/kit/division-5/ibpt/ardop2/id/saez-de-jauregui,/organization/working-group,02: in prereview,,härer.bastian,/kit/division-5/ibpt/ardop2/id,saez-de-jauregui,Team: Saez de Jauregui,Team: Saez de Jauregui,FNKR,FNKR,,,,,,https://www.ibpt.kit.edu/d2_DRD.php,https://www.ibpt.kit.edu/d2_DRD.php,,/kit,05 working group,0,,,0,0,,,,,1,1,1,1,1,1,,,,0,0,0,0,0,0,,,,1,1,1,1,1,1,,,,0,0,0,0,0,0,,,,0,0,0,0,0,0,,,
/kit/division-5/ibpt/ardop2/drd/steinmann,/organization/working-group,02: in prereview,,härer.bastian,/kit/division-5/ibpt/ardop2/drd,steinmann,Team: Steinmann,Team: Steinmann,STMNN,STMNN,,,,,,https://www.ibpt.kit.edu/d2_DRD.php,https://www.ibpt.kit.edu/d2_DRD.php,,/kit,05 working group,0,,,0,0,,,,,0,0,0,0,0,0,,,,1,1,1,1,1,1,,,,0,0,0,0,0,0,,,,0,0,0,0,0,0,,,,0,0,0,0,0,0,,,
/desy/m/mvs,/organization/working-group,02: in prereview,,leemans.wim,/desy/m,mvs,Gruppe: Vakuumsysteme,Group: Vacuum systems,DESY-MVS,DESY-MVS,,,,,,https://mvs.desy.de/,https://mvs.desy.de/,Lutz Lilje,/desy,05 working group,,,,,,,,,,,,,,,,,,,,,,,,,,,,,,,,,,,,,,,,,,,,,,,,,,,,,,
/uni-hamburg/min/physik/experimental-physik/ag-gruener,/organization/formal-organization/sub-department,02: in prereview,,grüner.florian,/uni-hamburg/min/physik/experimental-physik,ag-gruener,Gruppe Grüner,Group Grüner,AG Grüner,AG Grüner,,,,,grüner.florian,,,,/uni-hamburg,03 working group cluster,0,0,,0,0,,0,0,,0,0,0,0,0,0,0,0,0,0,0,0,0,0,0,0,0,0,0,0,0,0,0,0,0,0,0,0,0,0,0,0,0,0,0,0,0,0,0,0,0,0,0,0,0
/uni-hamburg/min/physik/experimental-physik/ag-hillert,/organization/working-group,02: in prereview,,hillert.wolfgang,/uni-hamburg/min/physik/experimental-physik,ag-hillert,Gruppe Hillert,Group Hillert,AG Hillert,AG Hillert,,,,,hillert.wolfgang,,,,/uni-hamburg,03 working group cluster,0,0,,0,0,,0,0,,0,0,0,0,0,0,0,0,0,0,0,0,0,0,0,0,0,0,0,0,0,0,0,0,0,0,0,0,0,0,0,0,0,0,0,0,0,0,0,0,0,0,0,0,0
/desy/m/mxl,/organization/working-group,02: in prereview,,leemans.wim,/desy/m,mxl,XFEL,XFEL,DESY-MXL,DESY-MXL,,,,,,https://xfel.desy.de/,https://xfel.desy.de/,Winfried Decking,/desy,05 working group,,,,,,,,,,,,,,,,,,,,,,,,,,,,,,,,,,,,,,,,,,,,,,,,,,,,,,