id,meta.reviewStatus,meta.reviewedBy,meta.reviewLog,label.fullName.de,label.fullName.en,label.short.de,label.short.en,definition.de,definition.en,isDirectPartOf,isSuccessorOf,employsAcceleratorTypes,isInstanceOf,primaryBeamParticles,secondaryBeamParticles,lifeCycle,yearOfOperationStart,yearOfOperationEnd,hasHost,is_BMBF_FIS,primaryApplications,secondaryApplications,link.homepage.de,link.homepage.en,researchAgenda.path,researchAgenda.layoutGroup,researchAgenda.topics,researchAgenda.objectives,cost.construction,size,beam-energy_0,beam-energy,srPowerLoss,cost.operationalPerYear,luminosity,repetitionRate,pulseDuration,magneticField,cmEnergy,electricGradient,events
:athena,02: in prereview,,,Helmholtz-ARD Testanlagen für Plasmabeschleunigung,Helmholtz-ARD distributed test facility for plasma acceleration,ATHENA,ATHENA,"Mit ATHENA bündelt die Helmholtz-Gemeinschaft die Beschleuniger-Expertise von sechs ihrer 18 Forschungseinrichtungen. Diese tragen ihre wissenschaftlichen Erkenntnisse zusammen, um kompakte und innovative Plasmabeschleuniger in zwei deutschen Leuchtturmprojekten aufzubauen. Am DESY in Hamburg soll dafür ein Elektronen- und am Helmholtz-Zentrum Dresden-Rossendorf ein Hadronenbeschleuniger entwickelt werden. Mit JuSPARC trägt Jülich dabei Erkenntnisse für das Feld der Elektronenbeschleunigung bei.","With ATHENA, the Helmholtz Association is bundling the accelerator expertise of seven of its 18 research institutions. They are pooling their scientific knowledge to build compact and innovative plasma accelerators in two German lighthouse projects. An electron accelerator is to be developed at DESY in Hamburg and a hadron accelerator at the Helmholtz Centre Dresden-Rossendorf. With JuSPARC, Jülich is contributing findings to the field of electron acceleration.",,,,,,,operation,2018,,,false,/accelerator-application/science-application/accelerator-science,,,,,test-facilities,"materials.sensor-materials,ultracompact.laser-plasma-injector,ultracompact.laser-plasma-accelerator,beam-modeling.ultra-short-pulses",,,,,,,,,,,,,,
:athena/berlinpro,01: in preparation,,,Berliner Energierückgewinnung LINac PROjekt,Berlin Energy Recovery LINac PROject,bERLinPro,bERLinPro,Testanlage zur Elektronenbeschleunigung mit hohen Strömen im Dauerstrichbetrieb und mit Energierückgewinnung auf der Basis von supraleitenden Hohlräumen,Testanlage zur Elektronenbeschleunigung mit hohen Strömen im Dauerstrichbetrieb und mit Energierückgewinnung auf der Basis von supraleitenden Hohlräumen,:athena,,/accelerator/microtron,,/particle/electron,,construction,2021,,:hzb,false,/accelerator-application/science-application/accelerator-science,,,,accelerator-science.accelerators.berlinpro,test-facilities,"materials.high-frequency-resonators,measurement-and-control.high-resolution-diagnostics,energy-supply.erl",facility.energy-efficiency,,,,,,,,,,,,,
:athena/elbe,01: in preparation,,,Supraleitender Linear-Beschleuniger für Elektronen,Supraleitender Linear-beschleuniger für  Elektronen,ELBE,ELBE,Supraleitender Linear-beschleuniger für  Elektronen,Supraleitender Linear-beschleuniger für  Elektronen,:athena,,,/facility/accelerator-based-facility/photon-source/free-electron-laser/,/particle/electron,,operation,2004,,:hzdr,false,/accelerator-application/science-application/photon-science,,,,photon-science.elbe,user-facilities,"beam-modeling.ultra-short-pulses,measurement-and-control.high-resolution-diagnostics,measurement-and-control.high-precision-control",,,,,,,,,,,,,,
:kit-atp/flute,02: in prereview,,,Ferninfrarot Linac- und Test-Experiment,Ferninfrarot Linac- und Test-Experiment,FLUTE,FLUTE,"Elektronenbeschleuniger zur Erzeugung ultrakurzer Elektronenpakete, der aus einem femtosekundenlaser-getriebenen Photoinjektor, einem Linearbeschleuniger und einem Elektronenpakete-Kompressor besteht.","Elektronenbeschleuniger zur Erzeugung ultrakurzer Elektronenpakete, der aus einem femtosekundenlaser-getriebenen Photoinjektor, einem Linearbeschleuniger und einem Elektronenpakete-Kompressor besteht.",:kit-atp,,/accelerator/linac/,/facility/,/particle/electron,,operation,2021,,:kit,false,/accelerator-application/science-application/accelerator-science,,,,accelerator-science.accelerators.flute,test-facilities,"materials.high-temperature-superconductivity,beam-modeling.ultra-short-pulses,beam-modeling.s2e-fel-simulation,beam-modeling.machine-learning,measurement-and-control.high-resolution-diagnostics,measurement-and-control.machine-learning,measurement-and-control.high-precision-control",,,,,,,,,,,,,,
:athena/juSPARC,01: in preparation,,,Jülicher Zentrum für kurzgepulste Teilchen und Strahlung,Jülich Short-Pulsed Particle and Radiation Center,JuSPARC,JuSPARC,Laserbasierte Forschungsanlage für die Forschung mit kurz gepulsten Photonen- und Teilchenstrahlen,Laserbasierte Forschungsanlage für die Forschung mit kurz gepulsten Photonen- und Teilchenstrahlen,:athena,,,/facility/laser-facility,,,,,,:fz-juelich,false,,,,,,,,,,,,,,,,,,,,,
:athena/juSPARC/amphos,01: in preparation,,,Jülicher Zentrum für kurzgepulste Teilchen und Strahlung,Jülich Short-Pulsed Particle and Radiation Center,JuSPARC,JuSPARC,Laserbasierte Forschungsanlage für die Forschung mit kurz gepulsten Photonen- und Teilchenstrahlen,Laserbasierte Forschungsanlage für die Forschung mit kurz gepulsten Photonen- und Teilchenstrahlen,:athena/juSPARC,,,/facility/laser-facility,/particle/photon,,,,,:fz-juelich,false,,,,,,,,,,,,,,,,,,,,,
:athena/juSPARC/thales,01: in preparation,,,Jülicher Zentrum für kurzgepulste Teilchen und Strahlung,Jülich Short-Pulsed Particle and Radiation Center,JuSPARC,JuSPARC,Laserbasierte Forschungsanlage für die Forschung mit kurz gepulsten Photonen- und Teilchenstrahlen,Laserbasierte Forschungsanlage für die Forschung mit kurz gepulsten Photonen- und Teilchenstrahlen,:athena/juSPARC,,,/facility/laser-facility,/particle/photon,,,,,:fz-juelich,false,,,,,,,,,,,,,,,,,,,,,
:athena/sinbad,01: in preparation,,,Kurze innovative Teilchenpakete und Beschleuniger bei DESY,Short INnovative Bunches and Accelerators at DESY,SINBAD,SINBAD,,,:athena,,,,,,operation,,,:desy,false,/accelerator-application/science-application/accelerator-science,,,,accelerator-science.sinbad,,,,,,,,,,,,,,,,
:athena/sinbad/ares,01: in preparation,,,Beschleuniger-Forschungsexperiment bei SINBAD,Accelerator Research Experiment at SINBAD,ARES,ARES,"Linearbeschleuniger zur Erzeugung ultrakurzer Elektronenpakete. Teil von SINBAD bei DESY. Das Ziel von ARES ist es, ultrakurze Elektronenpakete mit geringer Ladung (0,2 - 50 pC) und hoher Ankunftszeitstabilität (weniger als 10 fs) für verschiedene Anwendungen zu erzeugen, z.B. für die externe Injektion zur Beschleunigung von Laserplasma-wakefieldss [2]. Die Grundkonzeption des Beschleunigers sieht einen S-Band-Photoinjektor vor, der Elektronenpakete mit geringer Ladung durch Geschwindigkeits-Bündelung komprimiert und auf 100 MeV Energie beschleunigt.","Linearbeschleuniger zur Erzeugung ultrakurzer Elektronenpakete. Teil von SINBAD bei DESY. Das Ziel von ARES ist es, ultrakurze Elektronenpakete mit geringer Ladung (0,2 - 50 pC) und hoher Ankunftszeitstabilität (weniger als 10 fs) für verschiedene Anwendungen zu erzeugen, z.B. für die externe Injektion zur Beschleunigung von Laserplasma-wakefieldss [2]. Die Grundkonzeption des Beschleunigers sieht einen S-Band-Photoinjektor vor, der Elektronenpakete mit geringer Ladung durch Geschwindigkeits-Bündelung komprimiert und auf 100 MeV Energie beschleunigt.",:athena/sinbad,,/accelerator/linac/,,/particle/electron,,operation,2020,,:desy,false,/accelerator-application/science-application/accelerator-science,,,,accelerator-science.accelerators.ares,test-facilities,"ultracompact.laser-plasma-accelerator,beam-modeling.ultra-short-pulses,beam-modeling.s2e-fel-simulation,beam-modeling.machine-learning,measurement-and-control.machine-learning",,,,,,,,,,,,,,
:athena/sinbad/axsis,01: in preparation,,,"Attosekunden-Röntgenforschung, Bildgebung und Spektroskopie","Attosecond X-ray Science, Imaging and Spectroscopy",AXSIS,AXSIS,15 MeV-Elektronenbeschleuniger auf der Grundlage von THz-Wellen in dielektrischen Wellenleitern,15 MeV-Elektronenbeschleuniger auf der Grundlage von THz-Wellen in dielektrischen Wellenleitern,:athena/sinbad,,,,/particle/electron,,operation,2019,,:desy,false,/accelerator-application/science-application/accelerator-science,,,,accelerator-science.accelerators.ares,test-facilities,,,,,,,,,,,,,,,
:berlin-protonen,01: in preparation,,,Protonentherapie von Augentumoren,Protonentherapie von Augentumoren,BerlinProtonen,BerlinProtonen,"BerlinProtonen ist eine auf die Behandlung von Augentumoren spezialisierte Protonentherapieanlage, die gemeinsam vom Helmholtz-Zentrum Berlin (HZB) und der Charité betrieben wird. Protonenstrahlen mit einer Energie von 68 MeV werden eingesetzt, um Augentumore gezielt zu zerstören und dabei das umliegende gesunde Gewebe zu schonen. Die Erfolgsquote bei der Zerstörung von Augentumoren liegt bei über 97 Prozent. In den meisten Fällen wird das Auge nicht nur gerettet, sondern es bleibt auch ein zufriedenstellendes Sehvermögen erhalten. Seit 1998 wurden in der Einrichtung mehr als 3 700 Patienten behandelt.","BerlinProtonen is a proton therapy facility specialising in the treatment of eye tumours, operated jointly by Helmholtz-Zentrum Berlin (HZB) and Charité. Proton beams with an energy of 68 MeV are used to precisely target and destroy eye tumours while sparing surrounding healthy tissue. The treatment has a success rate of over 97% in destroying eye tumours. In most cases, the eye is not only saved, but a satisfactory level of vision is maintained. More than 3,700 patients have been treated at the facility since 1998.",,,,/facility/accelerator-based-facility/medical-facility/beam-therapy/proton-beam-therapy,/particle/ion/light-ion/proton,,operation,1998,,:hzb,false,/accelerator-application/medical-application/,,,,,user-facilities,,,,,,,,,,,,,,,
:berlin-protonen/cyclotron,01: in preparation,,,Protonentherapie von Augentumoren,Protonentherapie von Augentumoren,BerlinProtonen Sektorzyklotron,BerlinProtonen sector cyclotron,"Als Hauptbeschleuniger nutzt BerlinProtonen ein Sektorenzyklotron mit vier Ablenkmagneten und zwei Hochfrequenzkomponenten für eine schrittweise Energieübertragung. Auf diese Weise erreichen die Protonen eine Endenergie von 68 Millionen Elektronenvolt, was etwa der halben Lichtgeschwindigkeit entspricht.","As the main accelerator, BerlinProtonen uses a sector cyclotron with four bending magnets and two high-frequency components for a stepwise energy transfer. In this way, the protons reach a final energy of 68 million electronvolts, which corresponds to about half the speed of light.",,,/accelerator/cyclotron/sector-cyclotron,,/particle/ion/light-ion/proton,,operation,1998,,:hzb,false,/accelerator-application/medical-application/,,,,,user-facilities,,,,,,,,,,,,,,,
:berlin-protonen/preaccelerator,01: in preparation,,,Protonentherapie von Augentumoren,Protonentherapie von Augentumoren,BerlinProtonen-Vorbeschleuniger,BerlinProtonen preaccelerator,"Als Vorbeschleuniger verwendet BerlinProtonen einen Van-de-Graaff-Generator mit einer maximalen Spannung von 5,5 Millionen Volt.","As a pre-accelerator, BerlinProtonen uses a Van de Graaff generator with a maximum potential of 5.5 million volts.",,,/accelerator/electrostatic-accelerator/van-de-graaff-accelerator,,/particle/ion/light-ion/proton,,operation,1998,,:hzb,false,/accelerator-application/medical-application/,,,,,user-facilities,,,,,,,,,,,,,,,
:bessy-2,01: in preparation,,,Berliner Elektronenspeicherring für Synchrotronstrahlung II,Berlin electron storage ring for synchrotron radiation II,BESSY II,BESSY II,Synchrotron-Strahlungsquelle der dritten Generation für weiche Röntgenstrahlung,Synchrotron-Strahlungsquelle der dritten Generation für weiche Röntgenstrahlung,,,/accelerator/synchrotron/booster-synchrotron,/facility/accelerator-based-facility/photon-source/synchrotron-light-source/3rd-generation,/particle/electron,/particle/photon,operation,1998,2020,:hzb,true,/accelerator-application/science-application/photon-science,,,,photon-science.bessy.bessy-ii,user-facilities,"energy-supply.operation-optimization,beam-modeling.machine-learning,measurement-and-control.machine-learning",,,0.24,,,,,,,20000.0,,,,
:bessy-2__vsr,01: in preparation,,,Variabler Pulslängenspeicherring ,Variable pulse length storage ring,BESSY II/VSR,BESSY II/VSR,,,,:bessy-2,/accelerator/synchrotron/,/facility/accelerator-based-facility/photon-source/synchrotron-light-source/3rd-generation,/particle/electron,/particle/photon,operation,2020,,:hzb,true,/accelerator-application/science-application/photon-science,,,,photon-science.bessy.bessy-vsr,user-facilities,"materials.high-frequency-resonators,beam-modeling.ultra-short-pulses,beam-modeling.machine-learning",user.variable-pulse-structure,40m Euro (HR2015),0.24,,,,42m (HR2015),,,1500.0,,,,
:bessy-3,01: in preparation,,,Berliner Elektronenspeicherring für Synchrotronstrahlung III,Berlin electron storage ring for synchrotron radiation III,BESSY III,BESSY III,Geplante Synchrotron-Strahlungsquelle der vierten Generation für weiche Röntgenstrahlung,Geplante Synchrotron-Strahlungsquelle der vierten Generation für weiche Röntgenstrahlung,,:bessy-2__vsr,/accelerator/synchrotron/,/facility/accelerator-based-facility/photon-source/synchrotron-light-source/4th-generation,/particle/electron,/particle/photon,designing,2035,,:hzb,true,/accelerator-application/science-application/photon-science,,,,photon-science.bessy.bessy-iii,user-facilities,"cavity-technology.injectors,magnet-technology.undulators,materials.high-frequency-resonators,energy-supply.operation-optimization,energy-supply.networks-and-systems,beam-modeling.machine-learning",facility.energy-efficiency,550m-750m Euro (HR2015),,,,,55m-75m (HR2015),,,,,,,
:cac,02: in prereview,,,CERN-Beschleunigerkomplex,CERN Accelerator Complex,Accelerator Complex,Accelerator Complex,,,,,/accelerator/accelerator-complex,,,,operation,,,:cern,true,"/accelerator-application/science-application/hadron-physics, /accelerator-application/science-application/high-energy-physics",,,,,,,,,,,,,,,,,,,,
:cac/ad,02: in prereview,,,Antiprotonen-Abbremsanlage,Antiproton Decelerator,AD,AD,"Der Antiprotonen-Entschleuniger am CERN ist eine Anlage zur Erzeugung von niederenergetischen Antiprotonen für die Antimaterieforschung. Er verwendet hochenergetische Antiprotonen aus Protonenkollisionen und bremst sie von knapp unter Lichtgeschwindigkeit auf etwa ein Zehntel der Lichtgeschwindigkeit ab. Diese Abbremsung wird durch den Einsatz starker elektrischer Felder erreicht. Darüber hinaus werden Techniken zur Strahlkühlung eingesetzt, um die Energiespreizung und die Abweichung von der gewünschten Bahn zu verringern. ","The Antiproton Decelerator at CERN is a facility used to produce low-energy antiprotons for antimatter research. It takes high-energy antiprotons from proton collisions and slows them down from just below the speed of light to about one-tenth the speed of light. This deceleration is achieved by using strong electric fields. In addition, beam cooling techniques are employed to reduce the spread in energy and deviation from the desired track. ",:cac,,/accelerator/particle-decelerator,,/particle/ion/light-ion/antiproton,,operation,1999,,:cern,true,"/accelerator-application/science-application/hadron-physics, /accelerator-application/science-application/high-energy-physics",,,,,,,,,,,,,,,,,,,,
:cac/awake,01: in preparation,,,Fortgeschrittenes plasmabasiertes protonengetriebenes Beschleuningungsexperiment ,Advanced proton driven plasma Wakefield Acceleration Experiment ,AWAKE,AWAKE,"Machbarkeitsstudie über die Verwendung von Plasma-Wakefields, die von einem Protonenstrahl angetrieben werden, um geladene Teilchen zu beschleunigen.",Feasibility study on the use of plasma wakefields driven by a proton beam to accelerate charged particles.,:cac,,,,"/particle/electron,/particle/ion/light-ion/proton",,operation,2016,,:cern,true,"/accelerator-application/science-application/hadron-physics, /accelerator-application/science-application/high-energy-physics",,https://home.cern/science/accelerators/awake,,accelerator-science.accelerators.awake,test-facilities,"materials.high-frequency-resonators,materials.sensor-materials,ultracompact.particle-beam-plasma-accelerator,beam-modeling.ultra-short-pulses",facility.size,,,,,,,,,,,,,
:cac/elena,01: in preparation,,,Extra-Niedrigenergie-Antiprotonen-Ring,Extra Low Energy Antiproton ring,ELENA,ELENA,"ELENA (Extra Low ENergy Antiproton) ist ein 30 m langer sechseckiger Speicherring, der Antiprotonenstrahlen abbremst und an verschiedene Experimente liefert. Er soll den vom Antiproton Decelerator AD kommenden Antiprotonenstrahl für präzisere Messungen auf eine Energie von 0,1 MeV abbremsen.",ELENA (Extra Low ENergy Antiproton) is a 30 m hexagonal storage ring that decelerates antiproton beams and delivers it to different experiments. It is designed to further decelerate the antiproton beam coming from the Antiproton Decelerator AD to an energy of 0.1 MeV for more precise measurements.,:cac,,/accelerator/particle-decelerator,,/particle/ion/light-ion/antiproton,/particle/ion/light-ion/antiproton,operation,2020,,:cern,true,"/accelerator-application/science-application/hadron-physics, /accelerator-application/science-application/high-energy-physics",,,,,,,,,,,,,,,,,,,,
:cac/isolde,01: in preparation,,,Einrichtung zur Erzeugung radioaktiver Ionenstrahlen,Isotope Separator On Line DEvice,ISOLDE,ISOLDE,"Anlage zur Erzeugung radioaktiver Nuklide durch Spallations-, Spaltungs- oder Fragmentierungsreaktionen in einem dicken Target, das mit einem Protonenstrahl mit einer Energie von 1,4 GeV und einer Intensität bis zu 2 Mikroampere bestrahlt wird.","Facility for the production of radioactive nuclides by spallation, fission or fragmentation reactions in a thick target irradiated with a proton beam with an energy of 1.4 GeV and an intensity of up to 2 microamperes.",:cac,,,,/particle/ion/light-ion/proton,/particle/ion/heavy-ion,operation,1992,,:cern,true,"/accelerator-application/science-application/hadron-physics, /accelerator-application/science-application/high-energy-physics",,,,hadron-physics.isolde,,,,,,,,,,,,,,,,
:cac/lhc,02: in prereview,,,Großer Hadronen-Collider (LHC),Large Hadron Collider (LHC),LHC ,LHC ,,,:cac,,,/facility/accelerator-based-facility/particle-collider/circular-particle-collider,"/particle/ion/light-ion/proton,/particle/ion/heavy-ion",,operation,2021,2024,:cern,true,"/accelerator-application/science-application/hadron-physics, /accelerator-application/science-application/high-energy-physics",,,,particle-physics.lhc,user-facilities,,,,27,,,,,,,,,,,
:cac/lhc__run-1,01: in preparation,,,Großer Hadronen-Collider,Large Hadron Collider (LHC Run 1),LHC Run 1,LHC Run 1,,,:cac,:cac/lhc,,/facility/accelerator-based-facility/particle-collider/circular-particle-collider,"/particle/ion/light-ion/proton,/particle/ion/heavy-ion",,decommissioned,2011,2013,:cern,true,"/accelerator-application/science-application/hadron-physics, /accelerator-application/science-application/high-energy-physics",,,,particle-physics.lhc.run-1,user-facilities,,,,27,,,,,,,,,,,
:cac/lhc__run-2,01: in preparation,,,Großer Hadronen-Collider,Large Hadron Collider (LHC Run 2),LHC Run 2,LHC Run 2,,,:cac,:cac/lhc,,/facility/accelerator-based-facility/particle-collider/circular-particle-collider,"/particle/ion/light-ion/proton,/particle/ion/heavy-ion",,decommissioned,2015,2018,:cern,true,"/accelerator-application/science-application/hadron-physics, /accelerator-application/science-application/high-energy-physics",,,,particle-physics.lhc.run-2,user-facilities,,,,27,,,,,,,,,,,
:cac/lhc__run-3,01: in preparation,,,Großer Hadronen-Collider,Large Hadron Collider (LHC Run 3),LHC Run 3 ,LHC Run 3 ,,,:cac,:cac/lhc,,/facility/accelerator-based-facility/particle-collider/circular-particle-collider,"/particle/ion/light-ion/proton,/particle/ion/heavy-ion",,operation,2021,2026,:cern,true,"/accelerator-application/science-application/hadron-physics, /accelerator-application/science-application/high-energy-physics",,,,particle-physics.lhc,user-facilities,,,,27,,,,,,,,,,,
:cac/lhc__run-4,01: in preparation,,,Hochluminöser großer Hadronen-Collider,High-Luminosity Large Hadron Collider (LHC Run 4),HL-LHC (LHC Run 4),HL-LHC (LHC Run 4),"Der HL-LHC ist eine genehmigte Luminositätserhöhung des LHC. Der HL-LHC wird der erste Beschleuniger mit Quadrupol- und Dipolmagneten auf Basis von Nb3Sn-Supraleitern und damit ein wichtiges technologisches Sprungbrett für längerfristige Zukunftsprojekte wie FCC-hh und HE-LHC darstellt. Der HL-LHC wird auch der erste Hadronenbeschleuniger sein, der Krabbenhohlräume verwendet.","Der HL-LHC ist eine genehmigte Luminositätserhöhung des LHC. Der HL-LHC wird der erste Beschleuniger mit Quadrupol- und Dipolmagneten auf Basis von Nb3Sn-Supraleitern und damit ein wichtiges technologisches Sprungbrett für längerfristige Zukunftsprojekte wie FCC-hh und HE-LHC darstellt. Der HL-LHC wird auch der erste Hadronenbeschleuniger sein, der Krabbenhohlräume verwendet.",:cac,:cac/lhc,,/facility/accelerator-based-facility/particle-collider/circular-particle-collider,"/particle/ion/light-ion/proton,/particle/ion/heavy-ion",,preparation,2030,2033,:cern,true,"/accelerator-application/science-application/hadron-physics, /accelerator-application/science-application/high-energy-physics",,,,particle-physics.lhc.hl-lhc,user-facilities,"materials.sensor-materials,energy-supply.operation-optimization,energy-supply.load-management",user.data-rate,,27,,,7.3,,,,,8.3,14000.000,,135.0
:cac/lhc__run-5,01: in preparation,,,Hochluminöser großer Hadronen-Collider,High-Luminosity Large Hadron Collider (LHC Run 5),HL-LHC (LHC Run 5),HL-LHC (LHC Run 5),"Der HL-LHC ist eine genehmigte Luminositätserhöhung des LHC. Der HL-LHC wird der erste Beschleuniger mit Quadrupol- und Dipolmagneten auf Basis von Nb3Sn-Supraleitern und damit ein wichtiges technologisches Sprungbrett für längerfristige Zukunftsprojekte wie FCC-hh und HE-LHC darstellt. Der HL-LHC wird auch der erste Hadronenbeschleuniger sein, der Krabbenhohlräume verwendet.","Der HL-LHC ist eine genehmigte Luminositätserhöhung des LHC. Der HL-LHC wird der erste Beschleuniger mit Quadrupol- und Dipolmagneten auf Basis von Nb3Sn-Supraleitern und damit ein wichtiges technologisches Sprungbrett für längerfristige Zukunftsprojekte wie FCC-hh und HE-LHC darstellt. Der HL-LHC wird auch der erste Hadronenbeschleuniger sein, der Krabbenhohlräume verwendet.",:cac,:cac/lhc,,/facility/accelerator-based-facility/particle-collider/circular-particle-collider,"/particle/ion/light-ion/proton,/particle/ion/heavy-ion",,preparation,2036,2038,:cern,true,"/accelerator-application/science-application/hadron-physics, /accelerator-application/science-application/high-energy-physics",,,,particle-physics.lhc.hl-lhc,user-facilities,"materials.sensor-materials,energy-supply.operation-optimization,energy-supply.load-management",user.data-rate,,27,,,7.3,,,,,8.3,14000.000,,135.0
:cac/linac1,01: in preparation,,,Linearbeschleuniger 1,Linear accelerator 1,Linac 1,Linac 1,,,:cac,,/accelerator/linac/,/accelerator/linac/,/particle/ion/light-ion/proton,,operation,1958,,:cern,true,"/accelerator-application/science-application/hadron-physics, /accelerator-application/science-application/high-energy-physics",,,,,,,,,,,,,,,,,,,,
:cac/linac2,01: in preparation,,,Linearbeschleuniger 2,Linear accelerator 2,Linac 2,Linac 2,,,:cac,,/accelerator/linac/,/accelerator/linac/,,,operation,1978,,:cern,true,"/accelerator-application/science-application/hadron-physics, /accelerator-application/science-application/high-energy-physics",,,,,,,,,,,,,,,,,,,,
:cac/linac3,01: in preparation,,,Linearbeschleuniger 3,Linear accelerator 3,Linac 3,Linac 3,,,:cac,,/accelerator/linac/,/accelerator/linac/,,,operation,1994,,:cern,true,"/accelerator-application/science-application/hadron-physics, /accelerator-application/science-application/high-energy-physics",,,,,,,,,,,,,,,,,,,,
:cac/linac4,01: in preparation,,,Linearbeschleuniger 4,Linear accelerator 4,Linac 4,Linac 4,,,:cac,,/accelerator/linac/,/accelerator/linac/,,,operation,2020,,:cern,true,"/accelerator-application/science-application/hadron-physics, /accelerator-application/science-application/high-energy-physics",,,,,,,,,,,,,,,,,,,,
:cac/ps,01: in preparation,,,Protonen-Synchrotron,Proton Synchrotron,PS,PS,,,:cac,,/accelerator/synchrotron/,,"/particle/ion/light-ion/proton,/particle/ion/heavy-ion",,operation,1959,,:cern,true,"/accelerator-application/science-application/hadron-physics, /accelerator-application/science-application/high-energy-physics",,,,,,,,,,,,,,,,,,,,
:cac/psb,02: in prereview,,,Proton Synchrotron Booster,Proton Synchrotron Booster,PSB,PSB,,,:cac,,/accelerator/synchrotron/,,/particle/ion/light-ion/proton,,operation,1972,,:cern,true,"/accelerator-application/science-application/hadron-physics, /accelerator-application/science-application/high-energy-physics",,,,,,,,,,,,,,,,,,,,
:cac/sps,01: in preparation,,,Super-Protonen-Synchrotron,Super Proton Synchrotron,SPS,SPS,,,:cac,,,,"/particle/ion/light-ion/proton,/particle/ion/heavy-ion",,operation,,,:cern,true,"/accelerator-application/science-application/hadron-physics, /accelerator-application/science-application/high-energy-physics",,,,,,,,,,,,,,,,,,,,
:clic,01: in preparation,,,Kompakter Linearcollider,Compact LInear Collider,CLIC,CLIC,"Linearer Elektronen-Positronen-Collider im TeV-Bereich mit hoher Luminosität für die Erforschung kleinster Teilchen, der von internationalen Kollaborationen unter der Leitung des CERN entwickelt wird. Der CLIC-Beschleuniger wurde für drei Energiestufen bei Massenschwerpunktenergien von 380 GeV, 1,5 TeV und 3 TeV optimiert [1]. CLIC verwendet eine neuartige Zweistrahl-Beschleunigungstechnik mit normalleitenden Beschleunigungsstrukturen, die im Bereich von 70 MV/m bis 100 MV/m arbeiten.","Linearer Elektronen-Positronen-Collider im TeV-Bereich mit hoher Luminosität für die Erforschung kleinster Teilchen, der von internationalen Kollaborationen unter der Leitung des CERN entwickelt wird. Der CLIC-Beschleuniger wurde für drei Energiestufen bei Massenschwerpunktenergien von 380 GeV, 1,5 TeV und 3 TeV optimiert [1]. CLIC verwendet eine neuartige Zweistrahl-Beschleunigungstechnik mit normalleitenden Beschleunigungsstrukturen, die im Bereich von 70 MV/m bis 100 MV/m arbeiten.",,,/accelerator/linac/,,"/particle/electron,/particle/positron",,conceptionally-designed,2040,2060,:cern,true,/accelerator-application/science-application/high-energy-physics,,,,particle-physics.clic,user-facilities,materials.high-frequency-resonators,,,48.4,,,0.0,,,,,,3000.000,100.0,
:cosy,01: in preparation,,,Kühlersynchrotron,Cooler-Synchrotron,COSY,COSY,"Kühlersynchrotron für Protonen und Deuteronen am Forschungszentrum Jülich. Die Teilchenstrahlen können bei Bedarf gekühlt werden, um die Strahlqualität zu erhöhen.","Kühlersynchrotron für Protonen und Deuteronen am Forschungszentrum Jülich. Die Teilchenstrahlen können bei Bedarf gekühlt werden, um die Strahlqualität zu erhöhen.",,,/accelerator/synchrotron/,,/particle/ion/,,operation,1993,,:fz-juelich,false,/accelerator-application/science-application/hadron-physics,,,,hadron-physics.cosy,user-facilities,,,,,,,,,,,,,,,
:kit-atp/cstart,01: in preparation,,,Kompakter Speicherring für Beschleunigerforschung und -technologie,Compact Storage Ring for Accelerator Research and Technology,cSTART,cSTART,Machbarkeitsstudie zur Speicherung ultrakurzer Elektronenpakete mit großer Impulsspanne aus einem Laser-Teilchenbeschleuniger.,Machbarkeitsstudie zur Speicherung ultrakurzer Elektronenpakete mit großer Impulsspanne aus einem Laser-Teilchenbeschleuniger.,:kit-atp,,/accelerator/synchrotron/storage-ring/,,/particle/electron,,preparation,2026,,:kit,false,/accelerator-application/science-application/accelerator-science,,,,accelerator-science.accelerators.cstart,test-facilities,"materials.high-temperature-superconductivity,ultracompact.laser-plasma-injector,beam-modeling.ultra-short-pulses,measurement-and-control.high-resolution-diagnostics",,,,,,,,,,,,,,
:dali,01: in preparation,,,Fortschrittliche Lichtinfrastruktur in Dresden,Dresden Advanced Light Infrastructure,DALI,DALI,Dresden Advanced Light Infrastructure,Dresden Advanced Light Infrastructure,,,,/facility/laser-facility,/particle/photon,,conceptionally-designed,2030,2040,:hzdr,false,/accelerator-application/science-application/photon-science,,,,photon-science.dali,user-facilities,"beam-modeling.ultra-short-pulses,beam-modeling.s2e-fel-simulation",,,,,,,,,,,,,,
:delta,02: in prereview,,,Dortmunder Elektronenspeicherring-Anlage,Dortmund ELectron storage ring facility,DELTA,DELTA,,,,,/accelerator/synchrotron/,,/particle/electron,/particle/photon,operation,1996,,:tu-dortmund,false,/accelerator-application/science-application/photon-science,/accelerator-application/science-application/accelerator-science,,,photon-science.delta,user-facilities,measurement-and-control.high-resolution-diagnostics,,,,,,,,,,,,,,
:draco,01: in preparation,,,DResden laser ACceleration source,DResden laser ACceleration source,(LASER) DRACO,(LASER) DRACO,Ultrakurzpuls-Hochleistungslaser für Untersuchungen zur Laserteilchenbeschleunigung ,Ultrakurzpuls-Hochleistungslaser für Untersuchungen zur Laserteilchenbeschleunigung ,,,,/facility/laser-facility,,,operation,,,:hzdr,false,/accelerator-application/science-application/accelerator-science,,,,accelerator-science.lasers.draco,test-facilities,"ultracompact.laser-plasma-accelerator,beam-modeling.ultra-short-pulses,measurement-and-control.high-precision-control",,,,,,,,,,,,,,
:elbe,01: in preparation,,,Strahlungsquelle ELBE,User Facility ELBE,ELBE,ELBE,"Die Strahlungsquelle ELBE (Elektronen-Linearbeschleuniger für Strahlen hoher Brillanz und niedriger Emittanz) besteht aus einem supraleitenden Elektronenbeschleuniger und mehreren Nebenanlagen, die sowohl elektromagnetische Strahlung (THz-, Infrarot- und hochenergetische Gammastrahlung) als auch Teilchenstrahlung (Neutronen, Positronen und Elektronen) erzeugen. Diese Sekundärstrahlung steht sowohl externen Nutzern als auch den Mitgliedern des Helmholtz-Zentrums Dresden-Rossendorf für Forschungszwecke zur Verfügung. ","The ELBE radiation source (electron linear accelerator for high brilliance and low emittance beams) consists of a superconducting electron accelerator and several auxiliary facilities that generate both electromagnetic radiation (THz, infrared and high-energy gamma radiation) and particle radiation (neutrons, positrons and electrons). This secondary radiation is available to both external users and members of the Helmholtz-Zentrum Dresden-Rossendorf for research purposes.",,,/accelerator/linac/,/facility/accelerator-based-facility/photon-source/,/particle/electron,"/particle/photon,/particle/positron,/particle/neutron",operation,2001,,:hzdr,false,/accelerator-application/science-application/accelerator-science,,https://www.hzdr.de/db/Cms?pNid=145,https://www.hzdr.de/db/Cms?pNid=145,hadron-physics,test-facilities,,,,,,,,,,,,,,,
:elsa,01: in preparation,,,Elektronenstretcher-Anlage,Elektronenstretcher-Anlage,ELSA,ELSA,"Die Elektronen-Stretcher-Anlage ELSA wird von der Universität Bonn im Land Nordrhein-Westfalen betrieben. Sie besteht aus drei Stufen (Injektor-LINAC, Booster-Synchrotron und Stretcher-Ring) und liefert einen Strahl polarisierter oder unpolarisierter Elektronen mit variabler Energie von maximal 3,2 GeV. Für das Hauptforschungsgebiet, die Hadronenphysik, können Ströme bis zu 1 nA extrahiert und zu den Experimentierplätzen CB-ELSA und BGOOD transferiert werden.","Die Elektronen-Stretcher-Anlage ELSA wird von der Universität Bonn im Land Nordrhein-Westfalen betrieben. Sie besteht aus drei Stufen (Injektor-LINAC, Booster-Synchrotron und Stretcher-Ring) und liefert einen Strahl polarisierter oder unpolarisierter Elektronen mit variabler Energie von maximal 3,2 GeV. Für das Hauptforschungsgebiet, die Hadronenphysik, können Ströme bis zu 1 nA extrahiert und zu den Experimentierplätzen CB-ELSA und BGOOD transferiert werden.",,,/accelerator/synchrotron/storage-ring/,,/particle/electron,,operation,1987,,:uni-bonn,false,/accelerator-application/science-application/hadron-physics,,https://www.pi.uni-bonn.de/elsa/de/beschleuniger/aufbau,,hadron-physics,test-facilities,,,,,,,,,,,,,,,
:esrf,02: in prereview,,,European Synchrotron Radiation Facility,European Synchrotron Radiation Facility,ESRF,ESRF,European Synchrotron Radiation Facility,European Synchrotron Radiation Facility,,,/accelerator/synchrotron/,/facility/accelerator-based-facility/photon-source/synchrotron-light-source/3rd-generation,/particle/electron,/particle/photon,decommissioned,1995,2019,:esrf,false,/accelerator-application/science-application/photon-science,,,,photon-science,user-facilities,,,,0.844,,,,,,,,,,,
:esrf__ebs,02: in prereview,,,Extrem brillante Quelle,European Synchrotron Radiation Facility – Extremely Brilliant source,ESRF-EBS,ESRF-EBS,European Synchrotron Radiation Facility – Extremely Brilliant source,European Synchrotron Radiation Facility – Extremely Brilliant source,,:esrf,/accelerator/synchrotron/,/facility/accelerator-based-facility/photon-source/synchrotron-light-source/4th-generation,/particle/electron,/particle/photon,operation,2020,2040,:esrf,true,/accelerator-application/science-application/photon-science,,,,photon-science,user-facilities,,,,0.844,,,,,,,,,,,
:ess,02: in prereview,,,Europäische Spallationsquelle,European Spallation Source,ESS,ESS,European Spallation Source,European Spallation Source,,,/accelerator/linac/,/facility/accelerator-based-facility/neutron-source/spallation-neutron-source,/particle/ion/light-ion/proton,,construction,2023,,:ess,true,/accelerator-application/science-application/neutron-science,,,,neutron-science,user-facilities,,,,,,,,,,,,,,,
:eu-xfel,01: in preparation,,,Europäische Freie-Elektronen-Röntgenlaseranlage,European X-Ray Free-Electron Laser Facility,European XFEL,European XFEL,,,,,/accelerator/linac/,/facility/accelerator-based-facility/photon-source/free-electron-laser/,/particle/electron,/particle/photon,operation,2017,2030,:eu-xfel,true,/accelerator-application/science-application/photon-science,,,,photon-science.eu-xfel,user-facilities,"energy-supply.operation-optimization,energy-supply.networks-and-systems,beam-modeling.ultra-short-pulses",,,3.4,,,,,,,10.0,,,,
:eu-xfel__1.5,02: in prereview,,,European XFEL 1.5,European XFEL 1.5,European XFEL 1.5,European XFEL 1.5,,,,:eu-xfel,/accelerator/linac/,/facility/accelerator-based-facility/photon-source/free-electron-laser/,/particle/electron,/particle/photon,designing,2025,2029,:eu-xfel,true,/accelerator-application/science-application/photon-science,,,,photon-science.eu-xfel.15,user-facilities,"materials.high-frequency-resonators,energy-supply.networks-and-systems,beam-modeling.ultra-short-pulses",,,3.4,,,,,,,,,,,
:eu-xfel__2.0,02: in prereview,,,European XFEL 2.0,European XFEL 2.0,European XFEL 2.0,European XFEL 2.0,,,,:eu-xfel,/accelerator/linac/,/facility/accelerator-based-facility/photon-source/free-electron-laser/,/particle/electron,/particle/photon,designing,2030,2040,:eu-xfel,true,/accelerator-application/science-application/photon-science,,,,photon-science.eu-xfel.20,user-facilities,"cavity-technology.injectors,cavity-technology.continuous-wave-operation,beam-modeling.s2e-fel-simulation,magnet-technology.undulators,materials.high-frequency-resonators,materials.sensor-materials,energy-supply.networks-and-systems,beam-modeling.ultra-short-pulses","user.data-rate,facility.energy-efficiency,user.variable-pulse-structure",550m Euro (HR2015),3.4,,,,+10-20 zu Phase I,,,,,,,
:eupraxia,01: in preparation,,,Europäischer Plasma-Forschungsbeschleuniger,European Plasma Research Accelerator with eXcellence In Applications ,EuPRAXIA,EuPRAXIA,,,,,,,/particle/electron,/particle/photon,conceptionally-designed,,,,true,/accelerator-application/science-application/accelerator-science,/accelerator-application/science-application/photon-science,,,accelerator-science,test-facilities,"materials.sensor-materials,ultracompact.laser-plasma-accelerator,beam-modeling.s2e-fel-simulation",,,,,,,,,,,,,,
:fair,01: in preparation,,,Forschungsanlage für Antiprotonen und Ionen,Facility for Antiproton and Ion Research,FAIR,FAIR,,,,,/accelerator/accelerator-complex,,/particle/ion/light-ion/proton,,construction,2022,2029,:fair,true,/accelerator-application/science-application/hadron-physics,,,,hadron-physics.fair,user-facilities,"materials.vacuum-systems,energy-supply.operation-optimization,energy-supply.load-management,energy-supply.superconductivity,energy-supply.networks-and-systems,beam-modeling.machine-learning",,,1.1,,,,,,,,,,,
:fair/cr,02: in prereview,,,Collector Ring,Collector Ring,CR,CR,,,:fair,,/accelerator/synchrotron/storage-ring/,,,,construction,,,:fair,true,/accelerator-application/science-application/hadron-physics,,,,,,,,,,,,,,,,,,,,
:fair/esr,01: in preparation,,,Experimentierspeicherring ,Experimental Storage Ring,ESR,ESR,,,:fair,,/accelerator/synchrotron/storage-ring/,,/particle/ion/light-ion/proton,,construction,,,:fair,true,/accelerator-application/science-application/hadron-physics,,,,,,,,,,,,,,,,,,,,
:fair/hesr,02: in prereview,,,Hochenergiespeicherring,HESR,HESR,HESR,"Hochenergiespeicherring HESR für Antiprotonen im Energiebereich zwischen 0,83 GeV und 14 GeV",High-energy storage ring HESR for antiprotons in the energy range between 0.83 GeV and 14 GeV,:fair,,/accelerator/synchrotron/storage-ring/,,/particle/ion/light-ion/antiproton,,construction,,,:fair,true,/accelerator-application/science-application/hadron-physics,,,,,,,,,,,,,,,,,,,,
:fair/p-bar,02: in prereview,,,PBAR,PBAR,,,,,:fair,,,,,,construction,,,:fair,true,/accelerator-application/science-application/hadron-physics,,,,,,,,,,,,,,,,,,,,
:fair/p-linac,02: in prereview,,, proton linac ,Proton linear accelerator ,PLINAC,PLINAC,"P-LINAC liefert die Protonen für die internationale Beschleunigeranlage FAIR in Darmstadt. Dieser Beschleuniger besteht aus einer Protonenquelle, einem RFQ und einem Raumtemperatur-CH-Driftröhren-Linac für Beschleunigungen von bis zu 70 MeV.","P-LINAC provides the protons for the international accelerator facility FAIR in Darmstadt. This accelerator consists of a proton source, an RFQ and a room temperature CH drift tube linac for accelerations of up to 70 MeV.",:fair,,/accelerator/linac/,,/particle/ion/light-ion/proton,,construction,,,:fair,true,/accelerator-application/science-application/hadron-physics,,,,,,,,,,,,,,,,,,,,
:fair/sis18,02: in prereview,,,Schwerionensynchrotron,Heavy-ion synchrotron,SIS18,SIS18,,,:fair,,/accelerator/synchrotron/,,/particle/ion/light-ion/proton,,,,,:fair,true,/accelerator-application/science-application/hadron-physics,,,,,,,,,,,,,,,,,,,,
:fair/sis100,02: in prereview,,,Schwerionensynchrotron,Heavy-ion synchrotron,SIS100,SIS100,,,:fair,,/accelerator/synchrotron/,,/particle/ion/light-ion/proton,,,,,:fair,true,/accelerator-application/science-application/hadron-physics,,,,,,,,,,,,,,,,,,,,
:fair/super-frs,01: in preparation,,,Supraleitender Fragment-Trenner,Super-conducting Fragment Separator,Super-FRS,Super-FRS,"Der Superconducting FRagment Separator (Super-FRS) wird der leistungsstärkste In-Flight-Separator der Welt sein. Seltene Isotope aller Elemente bis hin zum Uran werden bei relativistischen Energien erzeugt und innerhalb weniger hundert Nanosekunden räumlich getrennt, was die Untersuchung sehr kurzlebiger Kerne ermöglicht.","The Superconducting FRagment Separator (Super-FRS) will be the most powerful in-flight separator in the world. Rare isotopes of all elements up to uranium will be produced at relativistic energies and spatially separated within a few hundred nanoseconds, allowing the study of very short-lived nuclei.",:fair,,,,"/particle/ion/light-ion/,/particle/ion/heavy-ion",,,,,:fair,true,/accelerator-application/science-application/hadron-physics,,,,,,,,,,,,,,,,,,,,
:fair/unilac,01: in preparation,,,Universeller Linearbeschleuniger,Universal Linear Accelerator,UNILAC,UNILAC,"UNILAC (Universal Linear Accelerator) ist der Name eines Schwerionenbeschleunigers am GSI Helmholtzzentrum für Schwerionenforschung in Darmstadt. Das „Universal“ im Namen weist darauf hin, dass die Anlage Ionen aller Massenzahlen von Wasserstoff bis Uran beschleunigen kann. Mit Hilfe des UNILAC wurden unter anderem erstmals die Elemente Bohrium (Bh, 107), Hassium (Hs, 108), Meitnerium (Mt, 109), Darmstadtium (Ds, 110), Roentgenium (Rg, 111) und Copernicium (Cn, 112) synthetisiert.","UNILAC (Universal Linear Accelerator) is the name of a heavy ion accelerator at the GSI Helmholtz Centre for Heavy Ion Research in Darmstadt. The ‘Universal’ in the name indicates that the facility can accelerate ions of all mass numbers from hydrogen to uranium. With the help of UNILAC, the elements Bohrium (Bh, 107), Hassium (Hs, 108), Meitnerium (Mt, 109), Darmstadtium (Ds, 110), Roentgenium (Rg, 111) and Copernicium (Cn, 112), among others, were synthesised for the first time.",:fair,,/accelerator/linac/,,/particle/ion/light-ion/proton,,,,,:fair,true,/accelerator-application/science-application/hadron-physics,,,,,,,,,,,,,,,,,,,,
:fcc,02: in prereview,,,Zukünftiger Ringkollider,Future Circular Collider,FCC,FCC,Future Circular Collider (ee),Future Circular Collider (ee),,,/accelerator/synchrotron/storage-ring/,/facility/accelerator-based-facility/particle-collider/circular-particle-collider,"/particle/electron,/particle/ion/light-ion/proton,/particle/positron",,conceptionally-designed,2038,2053,:cern,false,/accelerator-application/science-application/high-energy-physics,,,,particle-physics,user-facilities,"materials.vacuum-systems,materials.sensor-materials,energy-supply.operation-optimization,energy-supply.load-management,energy-supply.superconductivity,energy-supply.networks-and-systems,beam-modeling.machine-learning","user.availability,beam.particle-energy,beam.intensity-maximum,facility.construction-cost,facility.energy-efficiency",24000 MCH (2018),80,,,,,,,,,,,
:fcc-ee,02: in prereview,,,Zukünftiger Elektronen-Positronen-Ringkollider,Future Circular Collider (ee),FCC-ee,FCC-ee,Future Circular Collider (ee),Future Circular Collider (ee),,:fcc,,/facility/accelerator-based-facility/particle-collider/circular-particle-collider,"/particle/electron,/particle/positron",,conceptionally-designed,2038,2053,:cern,false,/accelerator-application/science-application/high-energy-physics,,,,particle-physics,user-facilities,"materials.vacuum-systems,materials.sensor-materials,energy-supply.operation-optimization,energy-supply.load-management,energy-supply.superconductivity,energy-supply.networks-and-systems,beam-modeling.machine-learning","user.availability,beam.particle-energy,beam.intensity-maximum,facility.construction-cost,facility.energy-efficiency",24000 MCH (2018),80,,,,,,,,,,,
:fcc-hh,01: in preparation,,,Zukünftiger Hadronen-Ringkollider,Future Circular Collider (hh),FCC-hh,FCC-hh,Future Circular Collider (hh),Future Circular Collider (hh),,:fcc,,/facility/accelerator-based-facility/particle-collider/circular-particle-collider,/particle/ion/,,conceptionally-designed,2063,2088,:cern,true,/accelerator-application/science-application/high-energy-physics,,,,particle-physics,user-facilities,"magnet-technology.high-field-dipole-magnets,materials.high-temperature-superconductivity,materials.vacuum-systems,materials.sensor-materials,energy-supply.operation-optimization,energy-supply.load-management,energy-supply.superconductivity,energy-supply.networks-and-systems,beam-modeling.machine-learning",,,80,,,2900.0,,,,,20.0,100000.000,,171.0
:flash,01: in preparation,,,Freie-Elektronen-Laser in Hamburg,Free electron-laser in Hamburg,FLASH,FLASH,Free electron-laser in Hamburg,Free electron-laser in Hamburg,,,/accelerator/linac/,/facility/accelerator-based-facility/photon-source/free-electron-laser/,/particle/electron,/particle/photon,operation,2005,2019,:desy,true,/accelerator-application/science-application/photon-science,/accelerator-application/science-application/accelerator-science,,,photon-science.flash,user-facilities,"beam-modeling.s2e-fel-simulation,beam-modeling.machine-learning,measurement-and-control.high-resolution-diagnostics,measurement-and-control.high-precision-control",,,0.315,,,,,,,,,,,
:flash1+flash2,01: in preparation,,,Freie-Elektronen-Laser in Hamburg,Free electron-laser in Hamburg,FLASH 1+2,FLASH 1+2,Free electron-laser in Hamburg,Free electron-laser in Hamburg,,:flash,/accelerator/linac/,/facility/accelerator-based-facility/photon-source/free-electron-laser/,/particle/electron,/particle/photon,operation,2005,2024,:desy,true,/accelerator-application/science-application/photon-science,/accelerator-application/science-application/accelerator-science,,,photon-science.flash.flash-1-2,user-facilities,beam-modeling.s2e-fel-simulation,,,0.315,,,,,,,30.0,,,,
:flash2020+,02: in prereview,,,Freie-Elektronen-Laser in Hamburg,Free electron-laser in Hamburg,FLASH 2020+,FLASH 2020+,Free electron-laser in Hamburg,Free electron-laser in Hamburg,,:flash,,/facility/accelerator-based-facility/photon-source/free-electron-laser/,/particle/electron,/particle/photon,construction,2025,2035,:desy,true,/accelerator-application/science-application/accelerator-science,/accelerator-application/science-application/accelerator-science,,,photon-science.flash.flash2020+,user-facilities,,,,0.315,,,,,,,,,,,
:flashforward,02: in prereview,,,Zukunftsweisende Plasmabeschleuniger-Forschung und -Entwicklung bei FLASH,Future-Oriented Wakefield Accelerator Research and Developement at FLASH,FLASHForward,FLASHForward,"Testinfrastruktur für teilchenstrahlgetriebene Plasma-Wakefield-Beschleunigungsexperimente, die darauf abzielen, in einigen Zentimetern ionisiertem Wasserstoff Elektronenstrahlen mit Energien von mehr als 1,5 GeV und einer ausreichenden Qualität für den Betrieb eines Freie-Elektronen-Lasers zu erzeugen","Testinfrastruktur für teilchenstrahlgetriebene Plasma-Wakefield-Beschleunigungsexperimente, die darauf abzielen, in einigen Zentimetern ionisiertem Wasserstoff Elektronenstrahlen mit Energien von mehr als 1,5 GeV und einer ausreichenden Qualität für den Betrieb eines Freie-Elektronen-Lasers zu erzeugen",:fair,,,,/particle/electron,/particle/photon,operation,2018,,:desy,false,/accelerator-application/science-application/accelerator-science,,,,accelerator-science.accelerators.flashforward,test-facilities,ultracompact.particle-beam-plasma-accelerator,,,,,,,,,,,,,,
:franz,02: in prereview,,,Neutronenquelle Frankfurt,Frankfurt Neutron Source,FRANZ,FRANZ,RFQ-IH-based high-current proton accelerator to produce a very intense neutron beam,RFQ-IH-based high-current proton accelerator to produce a very intense neutron beam,,,,,/particle/ion/light-ion/proton,/particle/neutron,,,,:uni-frankfurt,false,,,https://exp-astro.physik.uni-frankfurt.de/index.php?id=expFRANZ,,,,,,,,,,,,,,,,,,
:hbns,01: in preparation,,,Hochbrillante Neutronenquelle,High Brilliance Neutron Source,HBNS,HBNS,High Brilliance Neutron Source,High Brilliance Neutron Source,,,/accelerator/linac/,/facility/accelerator-based-facility/neutron-source/compact-accelerator-based-neutron-source,/particle/ion/light-ion/proton,/particle/neutron,designing,,,:fz-juelich,false,/accelerator-application/science-application/neutron-science,,,,neutron-science.hbns,user-facilities,materials.high-frequency-resonators,,,,,,,,,,,,,,
:hit,01: in preparation,,,Heidelberger Ionenstrahl-Therapiezentrum ,Heidelberg Ion Beam Therapy Centre ,,,Heidelberger Ionenstrahl-Therapiezentrum ,Heidelberger Ionenstrahl-Therapiezentrum ,,,,/facility/accelerator-based-facility/medical-facility/,,,operation,2009,,,false,/accelerator-application/medical-application/,,,,,user-facilities,,,,,,,,,,,,,,,
:hzdr-ibc,01: in preparation,,,Ionenstrahlzentrum ,Ion Beam Center ,IBC,IBC,,,,,,,/particle/ion/,,operation,,,:hzdr,false,,,,,ibc,,,,,,,,,,,,,,,,
:ilc,01: in preparation,,,Internationaler Linearbeschleuniger,International Linear Collider,ILC,ILC,,,,,,,"/particle/electron,/particle/positron",,technically-designed,2040,2060,,true,/accelerator-application/science-application/high-energy-physics,,,,particle-physics.ilc,user-facilities,"measurement-and-control.alignment,materials.high-frequency-resonators",,,31,,,0.0,,,,,,500.000,31.5,
:jeti,01: in preparation,,, Jena Titanium:sapphire 40 TW Laser,Jena Titanium:sapphire 40 TW Laser,(Laser) JETI,(Laser) JETI,,,,,,,/particle/photon,,operation,,,,false,/accelerator-application/science-application/accelerator-science,,,,accelerator-science.lasers.jeti,test-facilities,"ultracompact.laser-plasma-accelerator,beam-modeling.ultra-short-pulses",,,,,,,,,,,,,,
:kaldera,01: in preparation,,,KALDERA,KALDERA,KALDERA,KALDERA,Laser zum Betrieb eines Laser-Plasma-Beschleunigers mit ultraschnellen Laserpulsen von 100 TW Spitzenleistung und bis zu 1 kHz Wiederholrate. Projektstart: 2020. ,Laser zum Betrieb eines Laser-Plasma-Beschleunigers mit ultraschnellen Laserpulsen von 100 TW Spitzenleistung und bis zu 1 kHz Wiederholrate. Projektstart: 2020. ,,,,,,,operation,,,,false,/accelerator-application/science-application/accelerator-science,,,,accelerator-science.lasers.kaldera,,,,,,,,,,,,,,,,
:kit-atp/kara,01: in preparation,,,Karlsruhe Research Accelerator KARA,Karlsruhe Research Accelerator KARA,KARA,KARA,"Der Karlsruhe Research Accelerator (KARA) ist ein Speicherring für Elektronenstrahlen im Energiebereich von 500 bis 2.500 MeV, der für die Beschleunigerforschung und als Quelle für intensive elektromagnetische Synchrotronstrahlung genutzt wird. ","The Karlsruhe Research Accelerator (KARA) is a storage ring for electron beams in the energy range of 500 to 2,500 MeV, used for accelerator research and as a source of intense electromagnetic synchrotron radiation. ",:kit-atp,,/accelerator/microtron/circular-microtron,/facility/accelerator-based-facility/photon-source/,/particle/electron,/particle/photon,operation,2000,,:kit,false,/accelerator-application/science-application/accelerator-science,/accelerator-application/science-application/photon-science,,,accelerator-science.prototypes.kara,test-facilities,"materials.sensor-materials,energy-supply.operation-optimization,energy-supply.networks-and-systems,beam-modeling.ultra-short-pulses,measurement-and-control.high-resolution-diagnostics,measurement-and-control.machine-learning",facility.energy-efficiency,,110,5E8,2500000000,,,,,,,,,
:kit-atp,01: in preparation,,,KIT Accelerator Technology Platform,KIT Accelerator Technology Platform,KIT ATP,KIT ATP,,,,,,,,,operation,,,:kit,false,/accelerator-application/science-application/accelerator-science,,,,,,,,,,,,,,,,,,,,
:lux,01: in preparation,,,LUX,LUX,LUX,LUX,Testanlage für die Entwicklung eines laserplasmagestützten Injektors für Synchrotronlichtquellen,Testanlage für die Entwicklung eines laserplasmagestützten Injektors für Synchrotronlichtquellen,,,,,/particle/photon,/particle/electron,operation,,,,false,/accelerator-application/science-application/accelerator-science,,,,accelerator-science.accelerators.lux,,"ultracompact.laser-plasma-accelerator,measurement-and-control.machine-learning","facility.size,beam.particle-energy-spread",,,,,,,,,,,,,
:mami,01: in preparation,,, Mainzer Mikrotron,Mainzer Mikrotron,MAMI,MAMI,,,,,,,/particle/electron,,operation,1979,,:uni-mainz,false,/accelerator-application/science-application/hadron-physics,/accelerator-application/science-application/accelerator-science,,,hadron-physics.mami,test-facilities,,,,,,,,,,,,,1.500,,
:kit-atp/mcf/lasmaglab,01: in preparation,,,LASMagLab,LASMagLab,,,"Messplatz nach neuestem Stand der Technik für normalleitende und permanente Beschleunigermagnete, der mehrere Techniken wie 3D-Hallsonden-Scans, Messungen mit gestrecktem Draht und Feldintegralmessungen mit rotierender Spule integriert. ","State-of-the-art measurement bench for normal conducting and permanent accelerator magnets that integrates multiple techniques such as 3D Hall probe scans, stretched wire and rotating coil field integral measurements. ",:kit-atp/mcf,,,/facility/,,,,,,:kit,false,/accelerator-application/science-application/accelerator-science,,,,accelerator-science.aux.mcf,,,,,,,,,,,,,,,,
:mesa,01: in preparation,,,Mainz Energy-Recovering Superconducting Accelerator,Mainz Energy-Recovering Superconducting Accelerator,MESA,MESA,,,,,/accelerator/microtron,,/particle/electron,,construction,2023,2030,:uni-mainz,false,/accelerator-application/science-application/hadron-physics,/accelerator-application/science-application/accelerator-science,https://www.mesa.uni-mainz.de/#teilchenbeschleuniger,,hadron-physics.mesa,user-facilities,"materials.high-frequency-resonators,energy-supply.erl",facility.energy-efficiency,,,,,,,,,,,0.155,,
:mit,01: in preparation,,,Marburger Ionenstrahl-Therapiezentrum ,Marburger Ionenstrahl-Therapiezentrum ,,,Marburger Ionenstrahl-Therapiezentrum ,Marburger Ionenstrahl-Therapiezentrum ,,,,,,,operation,2015,,,false,/accelerator-application/medical-application/,,,,,user-facilities,,,,,,,,,,,,,,,
:mls,01: in preparation,,,Metrology Light Source,Metrology Light Source,MLS,MLS,Metrology Light Source,Metrology Light Source,,,/accelerator/synchrotron/storage-ring/,/facility/accelerator-based-facility/photon-source/synchrotron-light-source,/particle/electron,/particle/photon,operation,2004,,:hzb,false,/accelerator-application/metrology,,,,photon-science.mls,user-facilities,beam-modeling.ultra-short-pulses,,,,,,,,,,,,,,
:petra,01: in preparation,,,PETRA,PETRA,PETRA,PETRA,,,,,,,/particle/electron,,decommissioned,,,:desy,false,/accelerator-application/science-application/photon-science,,,,photon-science.petra,,,,,,,,,,,,,,,,
:petra__petra-3,01: in preparation,,,PETRA III,PETRA III,PETRA III,PETRA III,,,,:petra,/accelerator/synchrotron/,/facility/accelerator-based-facility/photon-source/synchrotron-light-source/3rd-generation,/particle/electron,/particle/photon,operation,2000,2025,:desy,true,/accelerator-application/science-application/photon-science,,,,photon-science.petra.petra-iii,user-facilities,energy-supply.operation-optimization,,,2.304,,,,,,,,,,,
:petra__petra-4,01: in preparation,,,PETRA IV,PETRA IV,PETRA IV,PETRA IV,,,,:petra,/accelerator/synchrotron/,/facility/accelerator-based-facility/photon-source/synchrotron-light-source/4th-generation,/particle/electron,/particle/photon,conceptionally-designed,2027,2040,:desy,true,/accelerator-application/science-application/photon-science,,,,photon-science.petra.petra-iv,user-facilities,"ultracompact.laser-plasma-injector,magnet-technology.undulators,cavity-technology.injectors,energy-supply.operation-optimization,energy-supply.networks-and-systems,beam-modeling.machine-learning",beam.emittance,250-300m Euro (HR2015),2.304,,,,71.6m Euro (HR2015),,,,,,,
:phelix,02: in prereview,,,PW-class laser PHELIX with dedicated plasma accelerator,PW-class laser PHELIX with dedicated plasma accelerator,(LASER) PHELIX,(LASER) PHELIX,,,,,,,/particle/photon,,operation,2008,,,false,/accelerator-application/science-application/accelerator-science,,,,accelerator-science.lasers.phelix,test-facilities,"ultracompact.laser-plasma-accelerator,beam-modeling.ultra-short-pulses",,,,,,,,,,,,,,
:plasmedx,02: in prereview,,,Plasmabasierte lasergetriebene Röntgenquelle für die medizinische Bildgebung ,Plasma-based laser-driven X-ray source for medical imaging ,PLASMED X,PLASMED X,,,,,,,/particle/electron,/particle/photon,operation,,,,false,/accelerator-application/medical-application/,,,,accelerator-science.lasers.kaldera,,,"user.availability,facility.size,facility.construction-cost",,,,,,,,,,,,,
:polaris,01: in preparation,,,Petawatt-Laserverstärker für strahlungsintensive Experimente,Petawatt Optical Laser Amplifier for Radiation Intensive ExperimentS,POLARIS,,,,,,,,,,,,,,false,/accelerator-application/science-application/accelerator-science,,,,,,,,,,,,,,,,,,,,
:regae,02: in prereview,,,Relativistische Elektronenquelle für die Untersuchung von Atomen ,Relativistic Electron Gun for Atomic Exploration ,REGAE,REGAE,,,,,,,/particle/electron,,operation,2011,,:desy,false,/accelerator-application/science-application/hadron-physics,,,,hadron-physics.ragae,user-facilities,"beam-modeling.ultra-short-pulses,beam-modeling.s2e-fel-simulation,measurement-and-control.high-precision-control",,,,,,,,,,,,,,
:s-dalinac,01: in preparation,,,Supraleitender Linearbeschleuniger in Darmstadt,Superconducting-DArmstadt-LINear-ACcelerator,S-DALINAC,S-DALINAC,"Supraleitender Elektronenbeschleuniger, der sowohl im Dauerstrich- als auch im Energierückgewinnungs-Modus betrieben werden kann. ","Supraleitender Elektronenbeschleuniger, der sowohl im Dauerstrich- als auch im Energierückgewinnungs-Modus betrieben werden kann. ",,,/accelerator/microtron,,/particle/electron,,operation,1991,,:tu-darmstadt,false,/accelerator-application/science-application/accelerator-science,,,,accelerator-science.accelerators.s-dalinac,test-facilities,energy-supply.erl,,,,,,,,,,,,,,
:supralab,02: in prereview,,,"Testinfrastruktur für Beschleuniger, supraleitende Hochfrequenzsysteme und kryogene Anwendungen","Test infrastructure for accelerator devices, superconducting radio-frequency systems and cryogenic applications",Supralab,Supralab,Testinfrastruktur für supraleitende Hochfrequenzsysteme,Testinfrastruktur für supraleitende Hochfrequenzsysteme,,,,,,,operation,2017,,:hzb,false,/accelerator-application/science-application/accelerator-science,,,,accelerator-science.aux.supralab,test-facilities,materials.high-frequency-resonators,,,,,,,,,,,,,,
:uni-jena-ibc,01: in preparation,,,Ionenstrahlzentrum Uni Jena,Ion Beam Centre University of Jena,,,,,,,/accelerator/linac/,,,,,,,:uni-jena,false,,,,,,,,,,,,,,,,,,,,,
:uptd,01: in preparation,,,Universitäts Protonen Therapie Dresden,University Proton Therapy Dresden,UPTD,UPTD,Universitäts-Protonen-Therapie Dresden,Universitäts-Protonen-Therapie Dresden,,,/accelerator/linac/,/facility/accelerator-based-facility/medical-facility/beam-therapy/proton-beam-therapy,/particle/ion/light-ion/proton,,operation,2014,,,false,/accelerator-application/medical-application/,,,,,,,,,,,,,,,,,,,,
:wpe,02: in prereview,,,Westdeutsches Protonentherapiezentrum Essen,West German Proton Therapy Centre Essen,WPE,WPE,Westdeutsches Protonentherapiezentrum Essen,Westdeutsches Protonentherapiezentrum Essen,,,/accelerator/linac/,/facility/accelerator-based-facility/medical-facility/beam-therapy/proton-beam-therapy,/particle/ion/light-ion/proton,,operation,2013,,,false,/accelerator-application/medical-application/,,,,,,,,,,,,,,,,,,,,
:fair/esr/cryring,01: in preparation,,,CRYRING@ESR,CRYRING@ESR,CRYRING@ESR,CRYRING@ESR,,,:fair/esr,,/accelerator/synchrotron/storage-ring/,,/particle/ion/light-ion/proton,,construction,,,:fair,true,/accelerator-application/science-application/hadron-physics,,,,,,,,,,,,,,,,,,,,
:kit-atp/kara/01-microtron,01: in preparation,,,KARA-Mikrotron (1. Stufe des Beschleunigerkomplexes KARA),KARA-Microtron (1st stage of the KARA accelerator complex),KARA-Mikrotron,KARA-Microtron,"Das Kara-Mikrotron ist der erste der beiden Vorbeschleuniger für den KARA-Speicherring, mit dem Elektronen aus einer Elektronenquelle von 0,093 MeV auf 53 MeV beschleunigt werden.",The first stage of pre-acceleration at KARA consists of a microtron that accelerates electrons from 0.093 MeV to 53 MeV.,:kit-atp/kara,,/accelerator/synchrotron/booster-synchrotron,/accelerator/microtron/circular-microtron,/particle/electron,/particle/photon,operation,2000,,:kit,false,/accelerator-application/science-application/accelerator-science,/accelerator-application/science-application/photon-science,,,accelerator-science.prototypes.kara,test-facilities,"materials.sensor-materials,energy-supply.operation-optimization,energy-supply.networks-and-systems,beam-modeling.ultra-short-pulses,measurement-and-control.high-resolution-diagnostics,measurement-and-control.machine-learning",facility.energy-efficiency,,,9.3E4,53000000,,,,,,,,,
:kit-atp/kara/02-booster-synchrotron,01: in preparation,,,KARA Booster Synchrotron (2. Stufe des Beschleunigerkomplexes KARA),KARA booster synchrotron (2nd stage of the KARA accelerator complex),KARA Booster Synchrotron,KARA booster synchrotron,"Der Karlsruhe Research Accelerator (KARA) ist ein Speicherring für Elektronenstrahlen im Energiebereich von 500 bis 2.500 MeV, der für die Beschleunigerforschung und als Quelle für intensive elektromagnetische Synchrotronstrahlung genutzt wird. ","The Karlsruhe Research Accelerator (KARA) is a storage ring for electron beams in the energy range of 500 to 2,500 MeV, used for accelerator research and as a source of intense electromagnetic synchrotron radiation. ",:kit-atp/kara,,/accelerator/synchrotron/storage-ring/,/accelerator/synchrotron/booster-synchrotron,/particle/electron,/particle/photon,operation,2000,,:kit,false,/accelerator-application/science-application/accelerator-science,/accelerator-application/science-application/photon-science,,,accelerator-science.prototypes.kara,test-facilities,"materials.sensor-materials,energy-supply.operation-optimization,energy-supply.networks-and-systems,beam-modeling.ultra-short-pulses,measurement-and-control.high-resolution-diagnostics,measurement-and-control.machine-learning",facility.energy-efficiency,,110,5E8,2500000000,,,,,,,,,
:kit-atp/kara/03-storage-ring,01: in preparation,,,Speicherring (3. Stufe des KARA-Beschleunigerkomplexes),Karlsruhe Research Accelerator KARA,KARA,KARA,"Der Karlsruhe Research Accelerator (KARA) ist ein Speicherring für Elektronenstrahlen im Energiebereich von 500 bis 2.500 MeV, der für die Beschleunigerforschung und als Quelle für intensive elektromagnetische Synchrotronstrahlung genutzt wird. ","The Karlsruhe Research Accelerator (KARA) is a storage ring for electron beams in the energy range of 500 to 2,500 MeV, used for accelerator research and as a source of intense electromagnetic synchrotron radiation. ",:kit-atp/kara,,,/accelerator/synchrotron/storage-ring/,/particle/electron,/particle/photon,operation,2000,,:kit,false,/accelerator-application/science-application/accelerator-science,/accelerator-application/science-application/photon-science,,,accelerator-science.prototypes.kara,test-facilities,"materials.sensor-materials,energy-supply.operation-optimization,energy-supply.networks-and-systems,beam-modeling.ultra-short-pulses,measurement-and-control.high-resolution-diagnostics,measurement-and-control.machine-learning",facility.energy-efficiency,,110,5E8,2500000000,,,,,,,,,
:kit-atp/mcf,01: in preparation,,,Magnet Characterization Facilities,Magnet Characterization Facilities,MCF,MCF,"Das MCF umfasst Prüfstände für supraleitende, normalleitende und permanentmagnetische Systeme bei Raumtemperatur, in flüssigem Helium (LHe) und ohne Kryogen.","Das MCF umfasst Prüfstände für supraleitende, normalleitende und permanentmagnetische Systeme bei Raumtemperatur, in flüssigem Helium (LHe) und ohne Kryogen.",:kit-atp,,,/facility/,,,,,,:kit,false,/accelerator-application/science-application/accelerator-science,,,,accelerator-science.aux.mcf,,,,,,,,,,,,,,,,
:kit-atp/mcf/casper-1,01: in preparation,,,CASPER I,CASPER I,,,"Testanlage, in der Spulen mit maximalen Abmessungen von 35 cm Länge und 30 cm Durchmesser zu Testzwecken in flüssiges Helium getaucht werden können (Quench-Tests und lokale Feldmessungen)",Test facility where coils with maximum dimensions of 35 cm length and 30 cm diameter can be immersed in liquid helium for testing (quench tests and local field measurements),:kit-atp/mcf,,,/facility/,,,,,,:kit,false,/accelerator-application/science-application/accelerator-science,,,,accelerator-science.aux.mcf,,,,,,,,,,,,,,,,
:kit-atp/mcf/casper-2,01: in preparation,,,CASPER II,CASPER II,,,"Horizontaler, kryogenfreier Prüfstand für die Qualitätszertifizierung von neuen supraleitenden Systemen und Einschubgeräten bis zu 2 Metern Länge. ","Horizontal, cryogen-free test stand  for quality certification of new superconducting systems and insertion devices up to 2 metres in length. ",:kit-atp/mcf,,,/facility/,,,,,,:kit,false,/accelerator-application/science-application/accelerator-science,,,,accelerator-science.aux.mcf,,,,,,,,,,,,,,,,
