id,meta.reviewStatus,meta.reviewedBy,meta.changelog,meta.rootId,meta.parentId,label.fullName.de,label.fullName.en,label.short.de,label.short.en,definition.de,definition.en
/,01: in preparation,,,,,,,,,,
/accelerating-method/,01: in preparation,,,/,/,Beschleunigungmethoden,Accelerating Methods,,,,
/accelerating-method/electrodynamic-acceleration/,01: in preparation,,,/accelerating-method/,/accelerating-method/,Elektrodynamische Beschleunigung,Electrodynamic Acceleration,,,"Bei der elektrodynamischen (oder elektromagnetischen) Beschleunigung werden elektromagnetische Wechselfelder genutzt, um Energie auf Teilchen zu übertragen.",Electrodynamic (or electromagnetic) acceleration employs changing electromagnetic fields to accelerate particles.
/accelerating-method/electrodynamic-acceleration/cavity-based-acceleration/,01: in preparation,,,/accelerating-method/,/accelerating-method/electrodynamic-acceleration/,Hohlraumbasierte Beschleunigungmethoden,Cavity Based Acceleration,,,"Bei der hohlraumbasierten Beschleunigung werden Metallkammern verwendet, in denen dynamische elektromagnetische Felder Energie auf Teilchen übertragen, die den Hohlraum durchqueren.",Cavity Based Acceleration uses metallic chambers containing dynamic electromagnetic fields to transfer energy to particles passing through the cavity.
/accelerating-method/electrodynamic-acceleration/cavity-based-acceleration/cavity-based_radiofrequency-driven_acceleration/,01: in preparation,,,/accelerating-method/,/accelerating-method/electrodynamic-acceleration/cavity-based-acceleration/,Hohlraumbasierte hochfrequenzgetriebene Beschleunigung,Cavity Based Radiofrequency Driven Acceleration,,,,
/accelerating-method/electrodynamic-acceleration/cavity-based-acceleration/cavity-based_radiofrequency-driven_acceleration/superconducting,01: in preparation,,,/accelerating-method/,/accelerating-method/electrodynamic-acceleration/cavity-based-acceleration/cavity-based_radiofrequency-driven_acceleration/,supraleitende hohlraumbasierte hochfrequenzgetriebene Beschleunigung,Superconducting Cavity Based Radiofrequency Driven Acceleration,,,,
/accelerating-method/electrodynamic-acceleration/cavity-based-acceleration/cavity-based_terahertz-driven_acceleration,01: in preparation,,,/accelerating-method/,/accelerating-method/electrodynamic-acceleration/cavity-based-acceleration/,Hohlraumbasierte Terahertzstrahlung-getriebene Beschleunigung,Cavity Based Terahertz Driven Acceleration,,,,
/accelerating-method/electrodynamic-acceleration/nanophotonic-acceleration,01: in preparation,,,/accelerating-method/,/accelerating-method/electrodynamic-acceleration/,Nanophotonische Beschleunigung,Nanophotonic Acceleration,,,"Nanophotonische Beschleunigung, auch dielektrische Laserbeschleunigung (DLA) genannt, beruht auf der Verwendung ultrakurzer Laserpulse zur Anregung starker dynamischer elektromagnetischer Felder in siliziumbasierten Nanostrukturen. Diese starken Felder können dann Teilchen beschleunigen, die durch die Strukturen hindurchfliegen.","Nanophotonic acceleration, also known as dielectric laser acceleration (DLA), is based on the use of ultrashort laser pulses to excite strong dynamic electromagnetic fields in silicon-based nanostructures. These strong fields can then accelerate particles that fly through the structures."
/accelerating-method/electrostatic-acceleration,01: in preparation,,,/accelerating-method/,/accelerating-method/,Elektrostatische Beschleunigung,Electrostatic Acceleration,,,"Die elektrostatische Beschleunigung nutzt statische elektrische Felder, um geladene Teilchen zu beschleunigen. Bei dieser Methode wird eine konstante Hochspannungspotentialdifferenz zwischen zwei Elektroden verwendet, um Energie auf die Teilchen zu übertragen.",Electrostatic acceleration uses static electric fields to accelerate charged particles. This method uses a constant high voltage potential difference between two electrodes to transfer energy to the particles.
/accelerating-method/plasma-based-acceleration/,01: in preparation,,,/accelerating-method/,/accelerating-method/,Plasmabasierte Beschleunigung,Plasma Based Acceleration,,,,
/accelerating-method/plasma-based-acceleration/plasma-based_beam-driven_acceleration,01: in preparation,,,/accelerating-method/,/accelerating-method/plasma-based-acceleration/,Plasmabasierte teilchenstrahlgetriebene Beschleunigung,Plasma Based Beam Driven Acceleration,,,,
/accelerating-method/plasma-based-acceleration/plasma-based_laser-driven_acceleration,01: in preparation,,,/accelerating-method/,/accelerating-method/plasma-based-acceleration/,Plasmabasierte lasergetriebene Beschleunigung,Plasma Based Laser Driven Acceleration,,,,
/accelerator-application/,01: in preparation,,,/,/,Anwendungsbereiche von Beschleunigern,Application Areas Of Accelerators,,,,
/accelerator-application/industrial-application/,01: in preparation,,,/accelerator-application/,/accelerator-application/,Industrielle Anwendung ,Industrial Applications,,,,
/accelerator-application/industrial-application/manufacturing,01: in preparation,,,/accelerator-application/,/accelerator-application/industrial-application/,Fertigung und Materialverarbeitung,Manufacturing And Materials Processing,,,"Die Ionenimplantation ist in der Halbleiterindustrie für die Herstellung von digitaler Elektronik von entscheidender Bedeutung. Die Ionenimplantation wird auch zur Härtung von Schneidwerkzeugen und künstlichen menschlichen Gelenken sowie zur Veränderung der Oberflächen von Keramiken und Gläsern eingesetzt. Von Beschleunigern erzeugte Elektronenstrahlen werden für die Vernetzung und Polymerisation von Materialien, die Aushärtung von Tinten und Klebstoffen und den 3D-Druck von Metallen eingesetzt.","Ion Implantation is critical in the semiconductor industry for the fabrication of digital electronics. Ion implantation is also used to harden cutting tools and artificial human joints, and to modify the surfaces of ceramics and glasses. Accelerator-generated electron beams are used for cross-linking and polymerisation of materials, curing of inks and adhesives, and 3D printing of metals."
/accelerator-application/industrial-application/quality-control,01: in preparation,,,/accelerator-application/,/accelerator-application/industrial-application/,Quallitätssicherung,Quality Control,,,,
/accelerator-application/industrial-application/sterilization,01: in preparation,,,/accelerator-application/,/accelerator-application/industrial-application/,Sterilisation,Sterilization,,,"Beschleunigererzeugte Elektronen- und Röntgenstrahlen werden zur Sterilisierung medizinischer Geräte, zur Konservierung und Desinfektion von Lebensmitteln sowie zur Behandlung und Reinigung von Abwässern eingesetzt.","Accelerator-generated electron beams and X-rays are used to sterilise medical equipment, preserve and disinfect food, and treat and purify waste water."
/accelerator-application/industrial-application/transmutation,01: in preparation,,,/accelerator-application/,/accelerator-application/industrial-application/,Transmutation,Transmutation,,,,
/accelerator-application/ion-beam-analysis,01: in preparation,,,/accelerator-application/,/accelerator-application/industrial-application/,Ionenstrahlanalyse,Ion Beam Analysis,,,,
/accelerator-application/medical-application/,01: in preparation,,,/accelerator-application/,/accelerator-application/,Gesundheitsanwendung ,Health Application,,,,
/accelerator-application/medical-application/proton-therapy,01: in preparation,,,/accelerator-application/,/accelerator-application/medical-application/,Protonentherapie,Proton Therapy,,,Eine medizinische Anwendung von Beschleunigertechnologie,
/accelerator-application/medical-application/radiosotope-production,01: in preparation,,,/accelerator-application/,/accelerator-application/medical-application/,Radioisotopproduktion,Radiosotope Production,,,,
/accelerator-application/metrology,01: in preparation,,,/accelerator-application/,/accelerator-application/,Metrologie,Metrology,,,Grundlagen der Metrologie/Radiometrie Metrologie für die Industrie/EUV-Lithographie Forschung und Entwicklung für optische Technologien/Weltrauminstrumente Materialmetrologie/Nanometrologie,
/accelerator-application/science-application/,01: in preparation,,,/accelerator-application/,/accelerator-application/,Wissenschaftliche Anwendungen,Science,,,,
/accelerator-application/science-application/accelerator-science,01: in preparation,,,/accelerator-application/,/accelerator-application/science-application/,Beschleunigerforschung,Accelerator Science,,,,
/accelerator-application/science-application/hadron-physics,01: in preparation,,,/accelerator-application/,/accelerator-application/science-application/,Hadronen- und Kernpysik,Hadron And Nuclear Physics,,,,
/accelerator-application/science-application/high-energy-physics,01: in preparation,,,/accelerator-application/,/accelerator-application/science-application/,Teilchenphysik,High Energy Physics,,,,
/accelerator-application/science-application/neutron-science,01: in preparation,,,/accelerator-application/,/accelerator-application/science-application/,Forschung mit Neutronen,Neutron Science,,,,
/accelerator-application/science-application/photon-science,01: in preparation,,,/accelerator-application/,/accelerator-application/science-application/,Forschung Mit Photonen,Photon Science,,,,
/accelerator-application/security,01: in preparation,,,/accelerator-application/,/accelerator-application/,Sicherheitsanwendungen,Security,,,,
/accelerator-research-subfield/,01: in preparation,,,/,/,Beschleunigerforschungs-Bereiche,Accelerator Research Subfields,,,Als transdisziplinäres Gebiet mit natur- und ingenieurwissenschaftlichen Bezügen läßt sich die Beschleunigerforschung selbst in (sich teilweise überschneidende) Teilbereiche gliedern.,"As a transdisciplinary field with scientific and engineering aspects, accelerator research itself can be organised into (partially overlapping) subfields."
/accelerator-research-subfield/beam-dynamics,01: in preparation,,,/accelerator-research-subfield/,/accelerator-research-subfield/,Strahldynamik,Beam Dynamics,,,"Die Strahldynamik befasst sich mit dem Verständnis und der Kontrolle des Verhaltens von Teilchenstrahlen in Beschleunigern. Dazu gehören die Untersuchung von Teilchenbewegungen und -flugbahnen, die Entwicklung von Techniken zur Strahlfokussierung und -lenkung sowie die Analyse von Strahlinstabilitäten und deren Eindämmung.","Beam dynamics focuses on understanding and controlling the behaviour of particle beams in accelerators. This includes the study of particle motion and trajectories, the development of beam focusing and steering techniques, and the analysis of beam instabilities and their mitigation."
/accelerator-research-subfield/cryogenic-engineering,01: in preparation,,,/accelerator-research-subfield/,/accelerator-research-subfield/,Kältetechnik,Cryogenic Engineering,,,"Kältetechnik befasst sich mit Temperaturen um -160 °C und darunter, bei denen Gase eine flüssige Form annehmen und als „kryogen“ bezeichnet werden. Sie befasst sich mit der Verflüssigung von Gasen wie Stickstoff, ihrer Lagerung und ihrer Lieferung an den Ort der Verwendung. In der Beschleunigerforschung spielt die Kältetechnik eine entscheidende Rolle für den Betrieb von Beschleunigern mit supraleitenden Komponenten.","Cryogenic engineering focuses on temperatures around -160°C and below, where gases take on a liquid form and are referred to as ""cryogenic"". It involves the study of the liquefaction of gases such as nitrogen, their storage and their delivery to the point of use. In accelerator research, cryogenics plays a vital role in the operation of accelerators with superconducting components."
/accelerator-research-subfield/geodesy-and-alignment,01: in preparation,,,/accelerator-research-subfield/,/accelerator-research-subfield/,Vermessung und Justierung,Geodesy And Alignment,,,"Vermessung und Justierung spielen eine entscheidende Rolle beim Erreichen der extremen Präzision, die für moderne Teilchenbeschleuniger erforderlich ist, und wirken sich direkt auf  Strahlqualität und  Versuchsergebnisse aus. Die Vermessung definiert die Koordinatenreferenzsysteme, zu denen alle Komponenten positioniert werden. Die relative Justierung erfordert oft eine Genauigkeit im Submillimeterbereich über große Entfernungen und jahrelange Betriebsdauer.","Geodesy and alignment play a critical role in achieving the extreme precision required for modern particle accelerators, directly affecting beam quality and experimental results. Geodesy defines the coordinate reference systems to which all components are positioned. Relative alignment often requires sub-millimetre accuracy over long distances and years of operation."
/accelerator-research-subfield/instrumentation-and-diagnostics,01: in preparation,,,/accelerator-research-subfield/,/accelerator-research-subfield/,Strahldiagnostik und Instrumentierung,Beam Diagnostics And Instrumentation,,,,
/accelerator-research-subfield/magnet-technology,01: in preparation,,,/accelerator-research-subfield/,/accelerator-research-subfield/,Magnetentwicklung und -optimierung,Magnet Development And Optimisation,,,,
/accelerator-research-subfield/operations-and-control,01: in preparation,,,/accelerator-research-subfield/,/accelerator-research-subfield/,Beschleunigerbetrieb und -steuerung,Accelerator Operations And Control,,,"Der Bereich Beschleunigerbetrieb und -steuerung umfasst die Entwicklung von Steuerungssystemen für den Beschleunigerbetrieb, die Verbesserung der Zuverlässigkeit und Effizienz von Beschleunigern und die Anwendung von Techniken des maschinellen Lernens zur Optimierung von Beschleunigern.","Accelerator operations and control includes developing control systems for accelerator operations, improving accelerator reliability and efficiency, and implementing machine learning techniques for accelerator optimization."
/accelerator-research-subfield/simulation,01: in preparation,,,/accelerator-research-subfield/,/accelerator-research-subfield/,Modellierung und Simulation,Modelling And Simulation,,,,
/accelerator-research-subfield/vacuum-technology,01: in preparation,,,/accelerator-research-subfield/,/accelerator-research-subfield/,Vakuumtechnologie,Vacuum Technology,,,,
/accelerator-subsystem/,01: in preparation,,,/,/,Beschleuigungerkomponenten,Accelerator Subsystems,,,,
/accelerator-subsystem/beam-monitor/,01: in preparation,,,/accelerator-subsystem/,/accelerator-subsystem/,Strahlmonitor,Beam Monitors,,,"Strahlmonitore sind wichtige Diagnoseinstrumente, die in Teilchenbeschleunigern eingesetzt werden, um das Verständnis und die Optimierung von Teilchenstrahlen zu gewährleisten. Je nachdem, ob die Position, die Energie oder die Intensität von Teilchenstrahlen oder das Quer- oder Längsprofil von Teilchenpaketen gemessen werden soll, kommen verschiedene Arten von Instrumenten zum Einsatz.","Beam monitors are essential diagnostic instruments used in particle accelerators to ensure understanding and optimisation of particle beams. Different types of instruments are employed depending on whether the position, energy or intensity of particle beams, or the transverse or longitudinal profile of particle bunches are to be measured."
/accelerator-subsystem/beam-monitor/energy-monitor,01: in preparation,,,/accelerator-subsystem/,/accelerator-subsystem/beam-monitor/,Strahlenergiemonitor,Beam Energy Monitors,,,,
/accelerator-subsystem/beam-monitor/halo-monitor,01: in preparation,,,/accelerator-subsystem/,/accelerator-subsystem/beam-monitor/,Strahlhalomonitor,Beam Halo Monitors,,,,
/accelerator-subsystem/collimator,01: in preparation,,,/accelerator-subsystem/,/accelerator-subsystem/,Kollimator,Collimators,,,,
/accelerator-subsystem/laser,01: in preparation,,,/accelerator-subsystem/,/accelerator-subsystem/,Laser,Lasers,,,,
/accelerator-subsystem/magnet,01: in preparation,,,/accelerator-subsystem/,/accelerator-subsystem/,Magnet,Magnets,,,Magnete erfüllen in Teilchenbeschleunigern wichtige Funktionen. Dipolmagnete lenken die Flugbahn geladeneer Teilcehn ab und ermöglichen ringförmige Anlagen sowie die Extraktion von Teilchen. Quadrupolmagnete dienen der Fokussierung der Teilchenstrahlen. Sextupolmagnete und weitere Korrekturmagnete dienen der Feinanpassung.,
/accelerator-subsystem/magnet/dipole-magnet,01: in preparation,,,/accelerator-subsystem/,/accelerator-subsystem/magnet,Dipolmagnet,Dipole Magnets,,,Dipolmagnete erzeugen ein homogenes Magnetfeld zur Strahlablenkung. as Magnetfeld muss präzise an die Art der Teilchen und deren Geschwindigkeit angepasst werden,
/accelerator-subsystem/magnet/kicker-magnet,01: in preparation,,,/accelerator-subsystem/,/accelerator-subsystem/magnet,Kickermagnet,Kicker Magnets,,,"Ein Kickermagnet ist ein spezialisierter Elektromagnet, der in Teilchenbeschleunigern verwendet wird, um Teilchenstrahlen schnell abzulenken oder umzuleiten. Sie erzeugen kurze, rechteckige Magnetfeldpulse mit sehr schnellen Anstiegs- und Abfallzeiten (typischerweise 10-100 Nanosekunden). Dadurch lassen sich einzelne Teilchenopakete in einen Teilchenstrahl einbringen oder aus ihm extrahieren. Kickermagnete spielen eine entscheidende Rolle bei der präzisen Kontrolle und Manipulation von Teilchenstrahlen in modernen Beschleunigeranlage",
/accelerator-subsystem/magnet/quadrupole-magnet,01: in preparation,,,/accelerator-subsystem/,/accelerator-subsystem/magnet,Quadrupolmagnet,Quadrupole Magnets,,,"Ein Quadrupolmagnet ist eine spezielle Anordnung von vier Magnetpolen, die in Teilchenbeschleunigern und Strahlführungen zur Fokussierung von Teilchenstrahlen eingesetzt wird.  Er fokussiert den Strahl in einer Richtung (z. B. horizontal) und defokussiert ihn in der dazu senkrechten. Um eine Gesamtfokussierung zu erreichen, werden mehrere Quadrupole hintereinander angeordnet (FODO-Struktur).",
/accelerator-subsystem/magnet/sextupole-magnet,01: in preparation,,,/accelerator-subsystem/,/accelerator-subsystem/magnet,Sextupolmagnet,Sextupole Magnets,,,"Ein Sextupolmagnet besteht aus sechs Magnetpolen, die abwechselnd als Nord- und Südpol um eine Mittelachse angeordnet sind. Sie werden oft in Kombination mit Quadrupolmagneten verwendet, um Fokussierungsfehler, die durch Energieunterschiede der Teilchen entstehen, auszugleichen (chromatische Abberation).",
/accelerator-subsystem/power-converters,01: in preparation,,,/accelerator-subsystem/,/accelerator-subsystem/,Stromwandler,Power Converters,,,,
/accelerator/,01: in preparation,,,/,/,Beschleunigertyp,Accelerators,,,,
/accelerator/accelerator-complex,01: in preparation,,,/accelerator/,/accelerator/,Beschleunigerkomplex,Accelerator Complex,,,,
/accelerator/cyclotron,01: in preparation,,,/accelerator/,/accelerator/,Zyklotron,Cyclotrons,,,,
/accelerator/cyclotron/sector-cyclotron,01: in preparation,,,/accelerator/,/accelerator/,Sektorzyklotron,Sector Cyclotrons,,,,
/accelerator/electrostatic-accelerator/,01: in preparation,,,/accelerator/,/accelerator/,Elektrostatischer Beschleuniger,Electrostatic Accelerators,,,,
/accelerator/electrostatic-accelerator/cockcroft-walton-accelerator,01: in preparation,,,/accelerator/,/accelerator/electrostatic-accelerator/,Cockcroft-Walton-Beschleuniger,Cockcroft-Walton Accelerators,,,,
/accelerator/electrostatic-accelerator/dynamitron-accelerator,01: in preparation,,,/accelerator/,/accelerator/electrostatic-accelerator/,Dynamitron-Beschleuniger,Dynamitron Accelerators,,,,
/accelerator/electrostatic-accelerator/pelletron-accelerator,01: in preparation,,,/accelerator/,/accelerator/electrostatic-accelerator/,Pelletron-Beschleuniger,Pelletron Accelerators,,,,
/accelerator/electrostatic-accelerator/tandem-van-de-graaff-accelerator,01: in preparation,,,/accelerator/,/accelerator/electrostatic-accelerator/,Tandem-Van-de-Graaff-Beschleuniger,Tandem Van De Graaff Accelerators,,,,
/accelerator/electrostatic-accelerator/van-de-graaff-accelerator,01: in preparation,,,/accelerator/,/accelerator/electrostatic-accelerator/,Van de Graaff-Beschleuniger,Van De Graaff Accelerators,,,,
/accelerator/erl,01: in preparation,,,/accelerator/,/accelerator/,Energierückgewinnungs Lineatbeschleuniger,Energy Recovery Linacs,,,,
/accelerator/linac/,01: in preparation,,,/accelerator/,/accelerator/,Linear-Beschleuniger,Linear Colliders,,,,
/accelerator/linac/high-power-proton-linac,01: in preparation,,,/accelerator/,/accelerator/linac/,Hochleistungs-Protonen-Linac,High Power Proton Linacs,,,,
/accelerator/particle-decelerator,01: in preparation,,,/accelerator/,/accelerator/,Teilchenentschleuniger,Particle Decelrators,,,"Ein Teilchenverlangsamer ist eine Art von Teilchenbeschleuniger, der Teilchen abbremst, anstatt sie zu schneller zu machen. Der Hauptzweck von Teilchenverzögerern besteht darin, Teilchen mit sehr niedriger Energie für präzise Messungen und Studien zu erzeugen, insbesondere in der Antimaterieforschung. Dies ermöglicht physikalische Grundlagenforschung, CPT-Symmetrietests und potenzielle Anwendungen wie die Krebstherapie mit Antimaterie.","A particle decelerator is a type of particle accelerator designed to slow down particles rather than speed them up. The main purpose of particle decelerators is to produce very low-energy particles for precise measurements and studies, particularly in antimatter research. This enables fundamental physics research, CPT symmetry tests and potential applications such as antimatter-based cancer therapy."
/accelerator/storage-ring/,01: in preparation,,,/accelerator/,/accelerator/,Speicherring,Storage Rings,,,,
/accelerator/storage-ring/double-storage-ring,01: in preparation,,,/accelerator/,/accelerator/,Doppelspeicherring,Double Storage Rings,,,,
/accelerator/synchrotron/,01: in preparation,,,/accelerator/,/accelerator/,Synchrotron,Synchrotrons,,,,
/accelerator/synchrotron/booster-synchrotron,01: in preparation,,,/accelerator/,/accelerator/synchrotron/,Booster-Synchrotron,Booster Synchrotrons,,,"Ein Booster-Synchrotron ist ein Synchrotron zur Erhöhung der Energie geladener Teilchen, bevor diese in ein größeres Synchrotron injiziert werden. Es wird als Zwischenstufe im Beschleunigungsprozess eingesetzt, um Teilchen wie Protonen oder Elektronen einen erheblichen Energieschub zu geben.","A booster synchrotron is synchrotron used to increase the energy of charged particles before they are injected into a larger synchrotron. It is used as an intermediate stage in the acceleration process, providing a significant energy boost to particles such as protons or electrons."
/facility/,01: in preparation,,,/,/,Anlagen,Facilities,,,,
/facility/accelerator-based-facility/,01: in preparation,,,/facility/,/facility/,Beschleunigerbasierte Anlagen,Accelerator-Based Facilities,,,"Aktuelle oder in Konzeption befindliche Anlagen, die beschleunigerbasiert sind.",
/facility/accelerator-based-facility/mass-spectroscope,01: in preparation,,,/facility/,/facility/accelerator-based-facility/,Massenspektroskop,Mass Spectroscopes,,,,
/facility/accelerator-based-facility/medical-facility/,01: in preparation,,,/facility/,/facility/accelerator-based-facility/,Medizinische Anlage,Medical Facilities,,,,
/facility/accelerator-based-facility/medical-facility/beam-therapy/,01: in preparation,,,/facility/,/facility/accelerator-based-facility/medical-facility/,Einrichtung für Strahlentherapie,Facilities For Radiation Therapy,Strahlentherapie,,,
/facility/accelerator-based-facility/medical-facility/beam-therapy/electron-beam-therapy,01: in preparation,,,/facility/,/facility/accelerator-based-facility/medical-facility/beam-therapy/,Einrichtung für Elektronenbestrahlungstherapie,Facilities For Electron Beam Therapy,Elektronenbestrahlungstherapie,,,
/facility/accelerator-based-facility/medical-facility/beam-therapy/photon-beam-therapy,01: in preparation,,,/facility/,/facility/accelerator-based-facility/medical-facility/beam-therapy/,Einrichtung für Photonen-Bestrahlungstherapie,Facilities For Photon Radiation Therapy,Photonen-Bestrahlungstherapie,,,
/facility/accelerator-based-facility/medical-facility/beam-therapy/proton-beam-therapy,01: in preparation,,,/facility/,/facility/accelerator-based-facility/medical-facility/beam-therapy/,Einrichtung für Protonenbestrahlungstherapie,Facilities For Proton Beam Therapy,Protonenbestrahlungstherapie,,,
/facility/accelerator-based-facility/medical-facility/radioisotope-cyclotron,01: in preparation,,,/facility/,/facility/accelerator-based-facility/medical-facility/,Laborzyklotron zur Erzeugung von Radionukliden oder zur Protonentherapie,Radioisotope Cyclotrons,Laborzyklotron,Radioisotope Cyclotron,,
/facility/accelerator-based-facility/neutron-source/,01: in preparation,,,/facility/,/facility/accelerator-based-facility/,Neutronenquellen,Neutron Sources,,,,
/facility/accelerator-based-facility/neutron-source/compact-accelerator-based-neutron-source,01: in preparation,,,/facility/,/facility/accelerator-based-facility/neutron-source/,Kompakte Beschleuniger-Neutronenquelle,Compact Accelerator Based Neutron Sources,,,,
/facility/accelerator-based-facility/neutron-source/spallation-neutron-source,01: in preparation,,,/facility/,/facility/accelerator-based-facility/neutron-source/,Spallationsneutronenquelle,Spallation Neutron Sources,,,,
/facility/accelerator-based-facility/particle-collider/,01: in preparation,,,/facility/,/facility/accelerator-based-facility/,Teilchen-Collider,Particle Colliders,,,"In einem Teilchen-Collider werden zwei entgegengesewtzt beschleunigte Teilchenstrahlen zusammenführt, so dass die Teilchen miteinander kollidieren können. Im Vergleich zu Anlagen, bei denen ein beschleungter Teilchenstrahl auf ein ruhendes Ziel stößt, können Collider höhere Kollisionsenergien erreichen. Kollider können entweder aus Ringbeschleunigern oder Linearbeschleunigern bestehene.",
/facility/accelerator-based-facility/particle-collider/circular-particle-collider,01: in preparation,,,/facility/,/facility/accelerator-based-facility/particle-collider/,Ring-Collider,Circular Particle Colliders,,,,
/facility/accelerator-based-facility/particle-collider/circular-particle-collider/muon-collider,01: in preparation,,,/facility/,/facility/accelerator-based-facility/particle-collider/,Myon-Collider,Muon Colliders,,,"Ein Myon-Collider ist ein ringbasierter Doppelbeschleuniger, in dem Myonen (elektronenähnliche Teilchen mit der 206-fachen Masse) zur Kollision gebracht werden. Das Konzept befindet sich derzeit in der Konzeptionsphase und hat gegenüber Elektronencollidern wesentliche Vorteile. Aufgrund der höheren Masse verlieren die Teilchen weniger Energie durch  Synchrotronstrahlung, so dass ein 10 km Myon-Collider ähnliche Energien erreichen könnte wie ein 90 km Protonen-Collider. Die größten technischen Herausforderungen sind die kurze Lebensdauer der Myonen (2,2 µs), die eine schnelle Beschleunigung erfordert. Außerdem wird eine kontinuierliche Myonenquelle benötigt. Trotz der technischen Herausforderungen zeigen diese Fortschritte, dass ein Myon-Collider eine realistische Option für zukünftige Hochenergiephysik-Experimente sein könnte.",
/facility/accelerator-based-facility/particle-collider/higgs-factory,01: in preparation,,,/facility/,/facility/accelerator-based-facility/particle-collider/,Higgs-Fabrik,Higgs Factories,,,"Als Higgs-Fabrik wird die dem LHC-nachfolgende Generation eines Teilchen-Colliders für die Hochenergiephysik bezeichnet, bei der anstelle von Protonen Elektronen und ihre Antiteilchen kollidieren.",
/facility/accelerator-based-facility/particle-collider/linear-particle-collider,01: in preparation,,,/facility/,/facility/accelerator-based-facility/particle-collider/,Linear-Collider,Linear Particle Colliders,,,"Ein Linear-Collider ist eine Doppelbeschleuniger-Anlage, die aus zwei Linear-Beschleunigern besteht.",
/facility/accelerator-based-facility/photon-source/,01: in preparation,,,/facility/,/facility/accelerator-based-facility/,Beschleunigerbasierte Photonenqelle,Photon Sources,,,"In beschleunigerbasierten Photonenquellen werden beschleunigte Teilchen genutzt, um hochintensive Lichtblitze für wissenschaftliche Untersuchungen zu erzeugen.  SIe sind unverzichtbare Werkzeuge für  Spitzenforschung in zahlreichen wissenschaftlichen Disziplinen und tragen wesentlich zu Innovationen in Bereichen wie Gesundheit, Energie, Umwelt und Informationstechnologie bei. Zwei Arten von Photonenquellen ergänzen sich in ihren Eigenschaften: Synchrotronquellen erzeugen kurze Lichtpulse mit hoher Gesamtintensität, Freie-Elektronen-Laser erzeugen ultrakurze, extrem intensive Laserblitze.",
/facility/accelerator-based-facility/photon-source/free-electron-laser/,01: in preparation,,,/facility/,/facility/accelerator-based-facility/photon-source/,Freie-Elektronen Laser,Free Electron Lasers,,,"Freie-Elektronen Laser (FEL) sind beschleunigerbasierte Photonenquellen, die hochintensive, extrem kurze, laserartige Strahlungspulse erzeugen. Aufgrund der Kürze der Pulse lassen sich ultraschnelle Prozesse untersuchen.",
/facility/accelerator-based-facility/photon-source/free-electron-laser/seeded,01: in preparation,,,/facility/,/facility/accelerator-based-facility/photon-source/,"Freie-Elektronen Laser, seeded",Seeded Free-Electron-Lasers,,,,
/facility/accelerator-based-facility/photon-source/synchrotron-light-source,01: in preparation,,,/facility/,/facility/accelerator-based-facility/photon-source/,Synchrotronlichtquelle,Synchrotron Radiation Sources,,,"Synchrotronstrahlungsquellen sind beschleunigerbasierte Photonenquellen, in denen Elektronen auf nahezu Lichtgeschwindigkeit beschleunigt und auf einer ringförmigen Bahn in einem Speicherring gehalten werden.  Durch Ablenkung der Elektronen in speziellen magnetischen Strukturen (Undulatoren und Wiggler) wird parallel zur Bewegungsrichtung Synchrotronstrahlung erzeugt.",
/facility/accelerator-based-facility/photon-source/synchrotron-light-source/3rd-generation,01: in preparation,,,/facility/,/facility/accelerator-based-facility/photon-source/,Synchrotronlichtquelle (3. Gen.),Synchrotrn Radiation Sources (3rd Gen),,,,
/facility/accelerator-based-facility/photon-source/synchrotron-light-source/4th-generation,01: in preparation,,,/facility/,/facility/accelerator-based-facility/photon-source/,Synchrtronlichtquelle (4. Gen.),Synchrotrn Radiation Sources (4th Gen),,,,
/facility/laser-facility,01: in preparation,,,/facility/,/facility/,Laseranlage,Laser Facilities,,,,
/funding-program/,01: in preparation,,,/,/,Programme zur Forschungsförderung,Funding Programmes,,,,
/funding-program/bmbf/,01: in preparation,,,/funding-program/,/funding-program/,Förderprogramme des Bundesministerium für Bildung und Forschung,Funding programmes by the German Federal Ministry of Education and Research,BMBF-Programme,BMBF Programmes,,
/funding-program/bmbf/erum/,01: in preparation,,,/funding-program/,/funding-program/bmbf/,BMBF-Rahmenprogramm  zur Erforschung des Universums und der Materie,BMBF-Framework Programme For Research Into The Universe And Matter (ErUM),Rahmenprogramm ErUM,Framework programme ErUM,,
/funding-program/bmbf/erum/erum-data,01: in preparation,,,/funding-program/,/funding-program/bmbf/erum/,Aktionsplan ErUM-Data,Action Plan ErUM-Data,,,"ErUM-Aktionsplan mit dem Ziel, das Potenzial von Daten und Digitalisierung bei der Erforschung von Universum und Materie an Forschungsinfrastrukturen voll auszuschöpfen. Der Fokus liegt auf der interdisziplinären Entwicklung und dem Transfer von digitalen Werkzeugen und Kompetenzen.",
/funding-program/bmbf/erum/erum-pro,01: in preparation,,,/funding-program/,/funding-program/bmbf/erum/,Aktionsplan ErUM-Pro,Action Plan ErUM-Pro,,,"ErUM-Aktionsplan für die Projektförderung zur Vernetzung von Hochschulen, Forschungsinfrastrukturen und Gesellschaft",
/funding-program/bmbf/erum/erum-transfer,01: in preparation,,,/funding-program/,/funding-program/bmbf/erum/,Aktionsplan ErUM-Transfer,Action Plan ErUM-Transfer,,,"ErUM-Aktionsplan mit dem Ziel, das Potenzial neuer Erkenntnisse und Technologien aus der naturwissenschaftlichen Grundlagenforschung an Forschungsinfrastrukturen für Wirtschaft und Gesellschaft zu erschließen. Der Charakter der Neugier getriebenen Grundlagenforschung soll dabei erhalten bleiben.",
/funding-program/dfg-funding-program/,01: in preparation,,,/funding-program/,/funding-program/,Förderprogramme der Deutschen Forschungsgemeinschaft (DFG),Funding programmes by the German Research Foundation (DFG),DFG-Förderprogramme,,,
/funding-program/dfg-funding-program/cluster-of-excellence,01: in preparation,,,/funding-program/,/funding-program/dfg-funding-program/,Exzellenzcluster,Clusters Of Excellence,,,,
/funding-program/dfg-funding-program/research-training-groups,01: in preparation,,,/funding-program/,/funding-program/dfg-funding-program/,Graduiertenkollegs,Research Training Groups (Graduiertenkolleg),,,Graduiertenkollegs sind von der DFG geförderte Programme der Hochschulen zur Unterstützung des wissenschaftlichen Nachwuchses. Sie konzentrieren sich auf die Qualifizierung von Promovierenden im Rahmen eines fokussierten Forschungsprogramms und einer strukturierten Ausbildungsstrategie.,Research Training Groups are DFG-funded  programmes set up by universities to support young researchers. They focus on the qualification of doctoral researchers within the framework of a focused research programme and a structured training strategy.
/funding-program/eu/,01: in preparation,,,/funding-program/,/funding-program/,Förderprogramme der Europäischen Union,Funding programmes by the European Union,,,,
/funding-program/eu/fp6,01: in preparation,,,/funding-program/,/funding-program/eu/,6. Forschungsrahmenprogramm der EU,6th EU Framework Programme For Research,FP6,FP6,,
/funding-program/eu/fp7,01: in preparation,,,/funding-program/,/funding-program/eu/,7. Forschungsrahmenprogramm der EU,7th EU Framework Programme For Research,FP7,FP7,,
/funding-program/eu/horizon-2020,01: in preparation,,,/funding-program/,/funding-program/eu/,Horizont 2020,Horizon 2020,,,"Horizont 2020 (2013 bis 2020) war das erste Rahmenprogramm für Forschung und Innovation. Es markiert einen Paradigmenwechsel hin zu einer wesentlich stärkeren Innovationsorientierung der Rahmenprogramme. Horizont 2020 deckt die gesamte Innovationskette ab: Von den ersten Ideen für die Grundlagenforschung bis hin zu fertig entwickelten neuartigen Produkten, Dienstleistungen und Verfahren für Markt und Gesellschaft bietet Horizont 2020 auf europäischer Ebene eine Vielzahl von effektiven Förder- und Unterstützungsmaßnahmen und schafft damit die besten Voraussetzungen für Innovationen.",
/funding-program/eu/horizon-europe,01: in preparation,,,/funding-program/,/funding-program/eu/,Horizont Europa,Horizon Europe,,,"Horizont Europa (2021 bis 2027) ist das aktuelle Rahmenprogramm für Forschung und Innovation. Es gilt als das neunte Forschungsrahmenprogramm und es ist das zweite, das auch den Begriff Innovation im Titel trägt. Es ist das weltweit größte Einzelförderprogramm für Forschung und Innovation.",
/funding-program/hgf/,01: in preparation,,,/funding-program/,/funding-program/,Förderprogramme der Helmholtz-Gemeinschaft,by the Helmholtz Association,Helmholtz Förderprogramme,Helmholtz funding programmes,,
/funding-program/hgf/pof,01: in preparation,,,/funding-program/,/funding-program/hgf/,Programmorientierte Förderung (PoF) der Helmholtz-Gemeinschaft,Helmholtz Association's Programme-Oriented Funding (Pof),HGF-PoF,HGF-PoF,"In der Programmorientierten Förderung der Helmholtz-Gemeinschaft (PoF) konkurrieren zentrenübergreifende Forschungsprogramme um Fördermittel. Die Beschleunigerforschung der insgesamt sieben in diesem Bereich aktiven Zentren ist im Programm ""Materie und Technologien"" gebündelt. 


","In the Helmholtz Association's programme-oriented funding (PoF), cross-centre research programmes compete for funding. The accelerator research of the seven centres active in this field is bundled in the ‘Matter and Technologies’ programme. "
/information-content-entity/,01: in preparation,,,/,/,Publikationstypen,Publication Types,,,,
/information-content-entity/database,01: in preparation,,,/information-content-entity/,/information-content-entity/,Datenbank,Databases,,,,
/information-content-entity/report/,01: in preparation,,,/information-content-entity/,/information-content-entity/,Bericht,Reports,,,,
/information-content-entity/report/annual-report,01: in preparation,,,/information-content-entity/,/information-content-entity/report/,Jahresbericht,Annual Reports,,,,
/information-content-entity/report/design-report/,01: in preparation,,,/information-content-entity/,/information-content-entity/report/,Bericht über den Gestaltungsplan,Design Reports,,,,
/information-content-entity/report/design-report/conceptual-design-report,01: in preparation,,,/information-content-entity/,/information-content-entity/report/,Bericht über den konzeptionellen Gestaltungsplan,Conceptual Design Reports,,,,
/information-content-entity/report/design-report/technical-design-report,01: in preparation,,,/information-content-entity/,/information-content-entity/report/,Bericht über den technischen Gestaltungsplan,Technical Design Reports,,,,
/information-content-entity/repository,01: in preparation,,,/information-content-entity/,/information-content-entity/,Repository,Repositories,,,,"A repository, often abbreviated as ""repo"", is a centralized digital storage location used to store, manage, and organize various types of data, files, and resources. "
/information-content-entity/strategies-and-roadmaps,01: in preparation,,,/information-content-entity/,/information-content-entity/,Strategien und Roadmaps,Strategies And Roadmaps,,,,
/information-content-entity/strategy-workshop-contributions,01: in preparation,,,/information-content-entity/,/information-content-entity/,Beiträge zum Strategie-Workshop,Strategy Workshop Contributions,,,,
/information-content-entity/thesis/,01: in preparation,,,/information-content-entity/,/information-content-entity/,Abschlussarbeit,Theses,,,,
/information-content-entity/thesis/bachelor-thesis,01: in preparation,,,/information-content-entity/,/information-content-entity/thesis/,Bachelorarbeit,Bachelor's Theses,,,,
/information-content-entity/thesis/doctoral-thesis,01: in preparation,,,/information-content-entity/,/information-content-entity/thesis/,Doktorarbeit,Doctoral Dissertations,,,,
/information-content-entity/thesis/doctoral-thesis/dr.-ing.,01: in preparation,,,/information-content-entity/,/information-content-entity/thesis/doctoral-thesis,Doktorarbeit (Dr.-Ing.),Doctoral Dissertations (Dr.-Ing.),,,,
/information-content-entity/thesis/doctoral-thesis/dr.rer.nat.,01: in preparation,,,/information-content-entity/,/information-content-entity/thesis/doctoral-thesis,Doktorarbeit (Dr. rer. nat.),Doctoral Dissertations (Dr. Rer. Nat.),,,,
/information-content-entity/thesis/doctoral-thesis/phd,01: in preparation,,,/information-content-entity/,/information-content-entity/thesis/doctoral-thesis,Doktorarbeit (PhD),Doctoral Dissertations (Phd),,,,
/information-content-entity/thesis/master-thesis,01: in preparation,,,/information-content-entity/,/information-content-entity/thesis/,Masterarbeit,Master's Theses,,,,
/information-content-entity/website,01: in preparation,,,/information-content-entity/,/information-content-entity/,Webpräsenz,Websites,,,,
/organization/,01: in preparation,,,/,/,Organisation,Organizations,,,,
/organization/committee,01: in preparation,,,/organization/,/organization/,Komitee,Committees,,,"Gruppe von Personen, die von einer Organisation einberufen wird, um gemeinsam an bestimmten Aufgaben, Projekten oder Empfehlungen zu arbeiten. ","Group of people appointed by an organisation to work together on specific tasks, projects or recommendations. "
/organization/committee/erum-committee,01: in preparation,,,/organization/,/organization/committee,ErUM-Komitee,ErUM Committees,,,,
/organization/consortium,01: in preparation,,,/organization/,/organization/,Konsortium,Consortia,,,,
/organization/formal-organization,01: in preparation,,,/organization/,/organization/,Formale Organisation,Formal Organizations,,,,
/organization/formal-organization/department,01: in preparation,,,/organization/,/organization/formal-organization,Abteilung,Departments,,,,
/organization/formal-organization/sub-department,01: in preparation,,,/organization/,/organization/formal-organization/department,Unterabeilung,Sub Departments,,,,
/organization/funding-orgainzation,01: in preparation,,,/organization/,/organization/,Forschungsförderer,Research Funders,,,,
/organization/research-institution,01: in preparation,,,/organization/,/organization/,Forschungseinrichtung,Research Institutions,,,,
/organization/university,01: in preparation,,,/organization/,/organization/,Universität,Universities,,,,
/organization/working-group,01: in preparation,,,/organization/,/organization/,Arbeitsgruppe,Working Groups,,,,
/person/,01: in preparation,,,/,/,Person,Persons,,,,
/person/gender/,01: in preparation,,,/person/,/person/,Geschlechtsidentität,Genders,,,,
/person/gender/female,01: in preparation,,,/person/,/person/gender/,weiblich,Female,,,,
/person/gender/male,01: in preparation,,,/person/,/person/gender/,männlich,Male,,,,
/person/gender/non-binary,01: in preparation,,,/person/,/person/gender/,nichtbinär,Non-Binary,,,,
/project/,01: in preparation,,,/,/,Projekt,Projects,,,,
/research-topic/,01: in preparation,,,/,/,Forschungsthemen,Research Topics,,,,
/research-topic/green-transformation,01: in preparation,,,/research-topic/,/research-topic/,Grüne Transformation,Sustainability,,,,
/research-topic/magnets,01: in preparation,,,/research-topic/,/research-topic/,Magnete,Magnets,,,,
/research-topic/magnets/superconducting,01: in preparation,,,/research-topic/,/research-topic/,Supraleitende Magnete,Superconducting,,,,
/research-topic/plasma-acceleration,01: in preparation,,,/research-topic/,/research-topic/,Plasmabasierte Beschleunigung,Plasma Acceleration,,,,
/strategic-issue/,01: in preparation,,,/,/,Strategische Themen,Stratic Issues,,,,
/teaching/,01: in preparation,,,/,/,Lehre,Teaching,,,,
/teaching/study-programme/,01: in preparation,,,/teaching/,/teaching/,Studiengang,Study Programmes,,,,
/teaching/study-programme/bachelor-degree-programme,01: in preparation,,,/teaching/,/teaching/study-programme/,Bachelorstudiengang,Bachelor's Degree Programmes,,,,
/teaching/study-programme/doctoral-programme,01: in preparation,,,/teaching/,/teaching/study-programme/,Masterstudiengang,Doctoral Programmes,,,,
/teaching/study-programme/doctoral-programme/graduiertenkolleg,01: in preparation,,,/teaching/,/teaching/study-programme/,Graduiertenkolleg,Research Training Group,,,"Graduiertenkollegs sind von der DFG finanziell geförderte Einrichtungen der Hochschulen zur frühzeitigen Nachwuchsförderung. Im Mittelpunkt steht die Qualifizierung von Promovierenden im Rahmen eines thematisch fokussierten Forschungsprogramms und eines strukturierten Qualifizierungskonzepts. Eine interdisziplinäre Ausrichtung der Graduiertenschulen ist erwünscht. Ziel ist es, die Promovierenden intensiv auf den komplexen wissenschaftlichen Arbeitsmarkt vorzubereiten und gleichzeitig ihre frühe wissenschaftliche Selbstständigkeit zu unterstützen.",Research Training Groups (Graduiertenkolleg) are university institutions funded by the DFG for the early promotion of young researchers. The focus is on the qualification of doctoral students within the framework of a thematically focused research programme and a structured qualification concept. An interdisciplinary orientation of the graduate schools is desirable. The aim is to prepare doctoral students intensively for the complex academic labour market and at the same time to support their early academic independence.
/teaching/study-programme/doctoral-programme/graduiertenschule,01: in preparation,,,/teaching/,/teaching/study-programme/,Graduiertenschule,Graduate School,,,"Graduiertenkollegs sind von der DFG finanziell geförderte Einrichtungen der Hochschulen zur frühzeitigen Nachwuchsförderung. Im Mittelpunkt steht die Qualifizierung von Promovierenden im Rahmen eines thematisch fokussierten Forschungsprogramms und eines strukturierten Qualifizierungskonzepts. Eine interdisziplinäre Ausrichtung der Graduiertenschulen ist erwünscht. Ziel ist es, die Promovierenden intensiv auf den komplexen wissenschaftlichen Arbeitsmarkt vorzubereiten und gleichzeitig ihre frühe wissenschaftliche Selbstständigkeit zu unterstützen.",Research Training Groups (Graduiertenkolleg) are university institutions funded by the DFG for the early promotion of young researchers. The focus is on the qualification of doctoral students within the framework of a thematically focused research programme and a structured qualification concept. An interdisciplinary orientation of the graduate schools is desirable. The aim is to prepare doctoral students intensively for the complex academic labour market and at the same time to support their early academic independence.
/teaching/study-programme/master-degree-programme,01: in preparation,,,/teaching/,/teaching/study-programme/,Masterstudiengang,Master's Degree Programme,,,,
/teaching/teaching-event/,01: in preparation,,,/teaching/,/teaching/,Lehrveranstaltung,Teaching Events,,,,
/teaching/teaching-event/block,01: in preparation,,,/teaching/,/teaching/teaching-event/,Blockveranstaltung,Block Course,,,,
/teaching/teaching-event/tutorial,01: in preparation,,,/teaching/,/teaching/teaching-event/,Übung,Tutorial,,,,
/teaching/teaching-event/laboratory,01: in preparation,,,/teaching/,/teaching/teaching-event/,Labor-Praktikum,Laboratory Practical Course,,,,
/teaching/teaching-event/lecture,01: in preparation,,,/teaching/,/teaching/teaching-event/,Vorlesung,Lecture,,,,
/teaching/teaching-event/seminar,01: in preparation,,,/teaching/,/teaching/teaching-event/,Seminar,Seminars,,,,
/teaching/teaching-event/proseminar,01: in preparation,,,/teaching/,/teaching/teaching-event/,Proseminar,Proseminar,,,,
